url,beds,baths,address,price,area,image_url,distance_from_northwestern_tech
https://www.zillow.com/apartments/evanston-il/860-hinman/5XjRWb/,0,1,"860 Hinman, 860 Hinman Ave #095169ad6, Evanston, IL 60202",1145,,https://photos.zillowstatic.com/fp/ee542fe613c9b9846f6a5aff264290e5-p_e.jpg,1.679
https://www.zillow.com/apartments/evanston-il/810-clark-st/CkFGy2/,1,1,"810 Clark St, Evanston, IL",1970,,https://photos.zillowstatic.com/fp/dd2ae2802147fe9d71beb322ab34194f-p_e.jpg,0.675
https://www.zillow.com/apartments/evanston-il/810-clark-st/CkFGy2/,2,1,"810 Clark St, Evanston, IL",2560,,https://photos.zillowstatic.com/fp/dd2ae2802147fe9d71beb322ab34194f-p_e.jpg,0.675
https://www.zillow.com/apartments/evanston-il/2210-22-maple-ave./5XjSyc/,2,1,"2210-22 Maple Ave., 2210 Maple Ave #1010-212, Evanston, IL 60201",1995,750,https://photos.zillowstatic.com/fp/00a35f5e7319d6b617178cddba4060dc-p_e.jpg,0.46
https://www.zillow.com/apartments/evanston-il/1320-chicago/5XjMKz/,1,1,"1320 Chicago, 1320 Chicago Ave, Evanston, IL 60201",1590,506,https://photos.zillowstatic.com/fp/755ee2cfcb73b9330f08b278ab668972-p_e.jpg,1.142
https://www.zillow.com/apartments/evanston-il/910-judson/CkFTT6/,2,2,"910 Judson, 910 Judson Ave #912-3A, Evanston, IL 60202",2195,1150,https://photos.zillowstatic.com/fp/fb779cd7e16571a0a213b55f55ad4ffd-p_e.jpg,1.62
https://www.zillow.com/apartments/evanston-il/1303-maple/5XjQvs/,2,1,"1303 Maple Ave, Evanston, IL",1995,,https://photos.zillowstatic.com/fp/88601a5a51add062e276a52c4e794d69-p_e.jpg,1.251
https://www.zillow.com/apartments/evanston-il/1303-maple/5XjQvs/,3,1,"1303 Maple Ave, Evanston, IL",2395,,https://photos.zillowstatic.com/fp/88601a5a51add062e276a52c4e794d69-p_e.jpg,1.251
https://www.zillow.com/apartments/evanston-il/presidential-apartments/Cmp956/,0,1,"800 Hinman Ave, Evanston, IL",1585,,https://photos.zillowstatic.com/fp/bc3dfc75f24f9ed72ea17869505c7f93-p_e.jpg,1.769
https://www.zillow.com/apartments/evanston-il/presidential-apartments/Cmp956/,1,1,"800 Hinman Ave, Evanston, IL",1825,,https://photos.zillowstatic.com/fp/bc3dfc75f24f9ed72ea17869505c7f93-p_e.jpg,1.769
https://www.zillow.com/apartments/evanston-il/1100-church/CkQ7Yv/,2,1,"1100 Church St, Evanston, IL",2395,,https://photos.zillowstatic.com/fp/b14765d3cc40aa09e6ef15eb2acc5a47-p_e.jpg,0.906
https://www.zillow.com/apartments/evanston-il/1100-church/CkQ7Yv/,3,1,"1100 Church St, Evanston, IL",3295,,https://photos.zillowstatic.com/fp/b14765d3cc40aa09e6ef15eb2acc5a47-p_e.jpg,0.906
https://www.zillow.com/apartments/evanston-il/1410-chicago/5XjTmV/,1,1,"1410 Chicago Ave, Evanston, IL",1745,,https://photos.zillowstatic.com/fp/7232bab4c8dd42ba1ee970b26521c392-p_e.jpg,1.058
https://www.zillow.com/apartments/evanston-il/1410-chicago/5XjTmV/,3,1,"1410 Chicago Ave, Evanston, IL",2795,,https://photos.zillowstatic.com/fp/7232bab4c8dd42ba1ee970b26521c392-p_e.jpg,1.058
https://www.zillow.com/apartments/evanston-il/1313-21-oak-ave/CgtGN9/,1,1,"1313-21 Oak Ave, Evanston, IL",1895,,https://photos.zillowstatic.com/fp/7eb6349fe28b57c8168604fd0c4c1813-p_e.jpg,1.247
https://www.zillow.com/apartments/evanston-il/1313-21-oak-ave/CgtGN9/,2,1,"1313-21 Oak Ave, Evanston, IL",2050,,https://photos.zillowstatic.com/fp/7eb6349fe28b57c8168604fd0c4c1813-p_e.jpg,1.247
https://www.zillow.com/apartments/evanston-il/2212-26-sherman-ave./5XjLrc/,1,1,"2212-26 Sherman Ave., 2212 Sherman Ave, Evanston, IL 60201",1595,670,https://photos.zillowstatic.com/fp/c8c1dfcc67e4c9bd2dee40d7dcedbb4d-p_e.jpg,0.368
https://www.zillow.com/apartments/evanston-il/930-936-judson-ave-evanston/5XjKDC/,1,1,"930-936 Judson Ave, Evanston, IL",1695,,https://photos.zillowstatic.com/fp/532a54b4eaa0c07253302015bf9c6512-p_e.jpg,1.574
https://www.zillow.com/apartments/evanston-il/930-936-judson-ave-evanston/5XjKDC/,2,1,"930-936 Judson Ave, Evanston, IL",1895,,https://photos.zillowstatic.com/fp/532a54b4eaa0c07253302015bf9c6512-p_e.jpg,1.574
https://www.zillow.com/apartments/evanston-il/930-936-judson-ave-evanston/5XjKDC/,3,1,"930-936 Judson Ave, Evanston, IL",2395,,https://photos.zillowstatic.com/fp/532a54b4eaa0c07253302015bf9c6512-p_e.jpg,1.574
https://www.zillow.com/apartments/evanston-il/2030-greenwood-st/C4QtTy/,2,2,"2030 Greenwood St, 2030 Greenwood St #307, Evanston, IL 60201",2850,1200,https://photos.zillowstatic.com/fp/d31fb349c57050fa046e9d3024829b59-p_e.jpg,1.754
https://www.zillow.com/apartments/evanston-il/1121-church-st./5XjMLY/,2,1,"1121 Church St, Evanston, IL",1825,,https://photos.zillowstatic.com/fp/5b1471ae9c25f5c006978b88309446b7-p_e.jpg,0.909
https://www.zillow.com/apartments/evanston-il/828-noyes-st/CkGHX5/,0,1,"828 Noyes St, 828 Noyes St APT 314, Evanston, IL 60201",2000,501,https://photos.zillowstatic.com/fp/9f20acf8aa2d40347c0765aba164fb13-p_e.jpg,0.407
https://www.zillow.com/apartments/evanston-il/2121-ridge-avenue/5XxX3q/,2,1,"2121 Ridge Ave, Evanston, IL",2195,,https://photos.zillowstatic.com/fp/8e92352cdd0d13c64c53380be0106d86-p_e.jpg,0.576
https://www.zillow.com/apartments/evanston-il/2121-ridge-avenue/5XxX3q/,3,1,"2121 Ridge Ave, Evanston, IL",3595,,https://photos.zillowstatic.com/fp/8e92352cdd0d13c64c53380be0106d86-p_e.jpg,0.576
https://www.zillow.com/apartments/evanston-il/tapestry-station/CkCRRy/,0,1,"740 Main St, Evanston, IL",1875,,https://photos.zillowstatic.com/fp/081dbde5fa87b9daaa1e2528b5f7ff97-p_e.jpg,1.697
https://www.zillow.com/apartments/evanston-il/tapestry-station/CkCRRy/,1,1,"740 Main St, Evanston, IL",2250,,https://photos.zillowstatic.com/fp/081dbde5fa87b9daaa1e2528b5f7ff97-p_e.jpg,1.697
https://www.zillow.com/apartments/evanston-il/tapestry-station/CkCRRy/,2,1,"740 Main St, Evanston, IL",3000,,https://photos.zillowstatic.com/fp/081dbde5fa87b9daaa1e2528b5f7ff97-p_e.jpg,1.697
https://www.zillow.com/apartments/evanston-il/825-main-st/CkBdMr/,0,1,"825 Main St, Evanston, IL",1425,,https://photos.zillowstatic.com/fp/c0ded904c3037a5fcc1587a6f70d8284-p_e.jpg,1.692
https://www.zillow.com/apartments/evanston-il/810-32-dempster-1245-elmwood/5XmPpY/,0,1,"810 Dempster St, Evanston, IL",1445,,https://photos.zillowstatic.com/fp/d1f73403b66e1abc0a96fd5f1622bbd3-p_e.jpg,1.226
https://www.zillow.com/apartments/evanston-il/810-32-dempster-1245-elmwood/5XmPpY/,1,1,"810 Dempster St, Evanston, IL",1615,,https://photos.zillowstatic.com/fp/d1f73403b66e1abc0a96fd5f1622bbd3-p_e.jpg,1.226
https://www.zillow.com/apartments/evanston-il/618-hinman/Cjf6vq/,1,1,"618 Hinman Ave, Evanston, IL",1595,,https://photos.zillowstatic.com/fp/0df208ce12921d41550ac721d0e3fc45-p_e.jpg,1.99
https://www.zillow.com/apartments/evanston-il/618-hinman/Cjf6vq/,3,1,"618 Hinman Ave, Evanston, IL",2245,,https://photos.zillowstatic.com/fp/0df208ce12921d41550ac721d0e3fc45-p_e.jpg,1.99
https://www.zillow.com/apartments/evanston-il/834-40-judson-ave/ChVsD2/,1,1,"834 Judson Ave, Evanston, IL",2295,,https://photos.zillowstatic.com/fp/63fa6ffa23d23b6d0c46fc26d78c4bdc-p_e.jpg,1.679
https://www.zillow.com/apartments/evanston-il/834-40-judson-ave/ChVsD2/,2,1,"834 Judson Ave, Evanston, IL",2895,,https://photos.zillowstatic.com/fp/63fa6ffa23d23b6d0c46fc26d78c4bdc-p_e.jpg,1.679
https://www.zillow.com/apartments/evanston-il/834-40-judson-ave/ChVsD2/,3,1,"834 Judson Ave, Evanston, IL",3595,,https://photos.zillowstatic.com/fp/63fa6ffa23d23b6d0c46fc26d78c4bdc-p_e.jpg,1.679
https://www.zillow.com/apartments/evanston-il/1576-oak/5XxWwj/,2,1,"1576 Oak, 1576 Oak Ave #1100-3, Evanston, IL 60201",2175,,https://photos.zillowstatic.com/fp/ef157d0df218b8239280c9b730ca4c8d-p_e.jpg,0.996
https://www.zillow.com/apartments/evanston-il/1400-chicago-ave/5XjMG8/,0,1,"1400 Chicago Ave, Evanston, IL",1200,,https://photos.zillowstatic.com/fp/65a24638b124ce95ee4bc7d915406da7-p_e.jpg,1.083
https://www.zillow.com/apartments/evanston-il/1400-chicago-ave/5XjMG8/,1,1,"1400 Chicago Ave, Evanston, IL",1650,,https://photos.zillowstatic.com/fp/65a24638b124ce95ee4bc7d915406da7-p_e.jpg,1.083
https://www.zillow.com/apartments/evanston-il/704-710-hinman-ave/CgxJrN/,1,1,"704 Hinman Ave, Evanston, IL",1485,,https://photos.zillowstatic.com/fp/583980517df390d2effc8aa4e9f282aa-p_e.jpg,1.897
https://www.zillow.com/apartments/evanston-il/704-710-hinman-ave/CgxJrN/,2,1,"704 Hinman Ave, Evanston, IL",1700,,https://photos.zillowstatic.com/fp/583980517df390d2effc8aa4e9f282aa-p_e.jpg,1.897
https://www.zillow.com/apartments/evanston-il/2213-2223-ridge-apartments/CjjC8K/,1,1,"2213 Ridge Ave, Evanston, IL",1840,,https://photos.zillowstatic.com/fp/35043c75455b1713c1bacac93561782d-p_e.jpg,0.533
https://www.zillow.com/apartments/evanston-il/2213-2223-ridge-apartments/CjjC8K/,2,1,"2213 Ridge Ave, Evanston, IL",1840,,https://photos.zillowstatic.com/fp/35043c75455b1713c1bacac93561782d-p_e.jpg,0.533
https://www.zillow.com/apartments/evanston-il/1627-45-ridge-ave./5XjSrN/,1,1,"1627-45 Ridge Ave., 1627 Ridge Ave, Evanston, IL 60201",1315,700,https://photos.zillowstatic.com/fp/c69a59e0726dee8eb9abed14a07ff736-p_e.jpg,0.944
https://www.zillow.com/apartments/evanston-il/1615-25-ridge-ave./CpYwK7/,2,1,"1615 Ridge Ave, Evanston, IL",1795,,https://photos.zillowstatic.com/fp/7236bd0f5afc4dca66142af82d041415-p_e.jpg,0.956
https://www.zillow.com/apartments/evanston-il/1615-25-ridge-ave./CpYwK7/,3,1,"1615 Ridge Ave, Evanston, IL",3150,,https://photos.zillowstatic.com/fp/7236bd0f5afc4dca66142af82d041415-p_e.jpg,0.956
https://www.zillow.com/apartments/evanston-il/1615-25-ridge-ave./CpYwK7/,4,1,"1615 Ridge Ave, Evanston, IL",2895,,https://photos.zillowstatic.com/fp/7236bd0f5afc4dca66142af82d041415-p_e.jpg,0.956
https://www.zillow.com/apartments/evanston-il/1000-hinman/CgzCgM/,0,1,"1000-1010 Hinman Ave, Evanston, IL",1495,,https://photos.zillowstatic.com/fp/562996b432581132289fea358bc5620f-p_e.jpg,1.36
https://www.zillow.com/apartments/evanston-il/1000-hinman/CgzCgM/,2,1,"1000-1010 Hinman Ave, Evanston, IL",1895,,https://photos.zillowstatic.com/fp/562996b432581132289fea358bc5620f-p_e.jpg,1.36
https://www.zillow.com/apartments/evanston-il/1509-hinman-ave/5XxWtp/,2,1,"1509 Hinman Ave, Evanston, IL",2255,,https://photos.zillowstatic.com/fp/c1822416dd45922954b6edfab46bef5a-p_e.jpg,0.913
https://www.zillow.com/apartments/evanston-il/oak-crest/5XjrX9/,0,1,"1570 Oak Ave, Evanston, IL",1225,,https://photos.zillowstatic.com/fp/7dcb4c48f153a9ccfe77dedebd4480b8-p_e.jpg,1.007
https://www.zillow.com/apartments/evanston-il/oak-crest/5XjrX9/,2,1,"1570 Oak Ave, Evanston, IL",1970,,https://photos.zillowstatic.com/fp/7dcb4c48f153a9ccfe77dedebd4480b8-p_e.jpg,1.007
https://www.zillow.com/apartments/evanston-il/2200-10-sherman-ave./5XjMLf/,2,1,"2200-10 Sherman Ave., 2200 Sherman Ave, Evanston, IL 60201",2195,895,https://photos.zillowstatic.com/fp/4263919049420a47860a63155173456f-p_e.jpg,0.318
https://www.zillow.com/apartments/evanston-il/2108-18-sherman-ave/CqH7fy/,1,1,"2108-18 Sherman Ave, 2108-18 Sherman Ave #2110-3E, Evanston, IL 60201",1895,775,https://photos.zillowstatic.com/fp/e4f11493ae9e03bd30612a0071f85e7a-p_e.jpg,0.376
https://www.zillow.com/apartments/evanston-il/549-607-sheridan-rd./CqNzQH/,1,1,"549 Sheridan Rd, Evanston, IL",1795,,https://photos.zillowstatic.com/fp/83ce213a936cce47638923d74abc8f8c-p_e.jpg,2.059
https://www.zillow.com/apartments/evanston-il/549-607-sheridan-rd./CqNzQH/,2,1,"549 Sheridan Rd, Evanston, IL",1800,,https://photos.zillowstatic.com/fp/83ce213a936cce47638923d74abc8f8c-p_e.jpg,2.059
https://www.zillow.com/apartments/evanston-il/820-judson-apartments/Cmm9Tq/,2,1,"820 Judson Ave, Evanston, IL",1655,,https://photos.zillowstatic.com/fp/cf872c64a176c954df80b9cb991ca7fe-p_e.jpg,1.739
https://www.zillow.com/apartments/evanston-il/820-judson-apartments/Cmm9Tq/,3,1,"820 Judson Ave, Evanston, IL",2335,,https://photos.zillowstatic.com/fp/cf872c64a176c954df80b9cb991ca7fe-p_e.jpg,1.739
https://www.zillow.com/apartments/evanston-il/929-michigan/5XjCLd/,3,2,"929 Michigan, 929 Michigan Ave #935-2, Evanston, IL 60202",2395,1420,https://photos.zillowstatic.com/fp/977ed688a445e7892e3b7829b71a81ce-p_e.jpg,1.584
https://www.zillow.com/apartments/evanston-il/2129-ridge-avenue/5YLCQc/,2,1,"2129 Ridge Ave, Evanston, IL",2195,,https://photos.zillowstatic.com/fp/081c32849e00d1db579aafb8e3d3dbf1-p_e.jpg,0.565
https://www.zillow.com/apartments/evanston-il/2129-ridge-avenue/5YLCQc/,3,1,"2129 Ridge Ave, Evanston, IL",3195,,https://photos.zillowstatic.com/fp/081c32849e00d1db579aafb8e3d3dbf1-p_e.jpg,0.565
https://www.zillow.com/apartments/evanston-il/albion-evanston/Cjk35c/,0,1,"1500 Sherman Ave, Evanston, IL",2360,,https://photos.zillowstatic.com/fp/034b1a3cc1a2b332fe3b73d8ed12c110-p_e.jpg,0.972
https://www.zillow.com/apartments/evanston-il/albion-evanston/Cjk35c/,1,1,"1500 Sherman Ave, Evanston, IL",2968,,https://photos.zillowstatic.com/fp/034b1a3cc1a2b332fe3b73d8ed12c110-p_e.jpg,0.972
https://www.zillow.com/apartments/evanston-il/albion-evanston/Cjk35c/,2,1,"1500 Sherman Ave, Evanston, IL",4319,,https://photos.zillowstatic.com/fp/034b1a3cc1a2b332fe3b73d8ed12c110-p_e.jpg,0.972
https://www.zillow.com/apartments/evanston-il/1243-judson/CqnmFp/,3,2,"1243 Judson, 1243 Judson Ave #22b17cc7b, Evanston, IL 60202",2695,,https://photos.zillowstatic.com/fp/2ea8d1aad6407c0764979185c381c0cc-p_e.jpg,1.176
https://www.zillow.com/apartments/evanston-il/617-grove-st/5XjNYX/,0,1,"617 Grove St, Evanston, IL",1335,,https://photos.zillowstatic.com/fp/a13f94f3804d10eec7200858df635921-p_e.jpg,0.906
https://www.zillow.com/apartments/evanston-il/617-grove-st/5XjNYX/,1,1,"617 Grove St, Evanston, IL",1775,,https://photos.zillowstatic.com/fp/a13f94f3804d10eec7200858df635921-p_e.jpg,0.906
https://www.zillow.com/apartments/evanston-il/lodge-evanston/ChGyRJ/,1,1,"1700 Oak Ave, Evanston, IL",2575,,https://photos.zillowstatic.com/fp/bc6f580cdde0d91a823a72759a9abad1-p_e.jpg,0.88
https://www.zillow.com/apartments/evanston-il/lodge-evanston/ChGyRJ/,2,1,"1700 Oak Ave, Evanston, IL",3350,,https://photos.zillowstatic.com/fp/bc6f580cdde0d91a823a72759a9abad1-p_e.jpg,0.88
https://www.zillow.com/apartments/evanston-il/hinman-court-condos/CrbL6R/,2,1,"632 Hinman Ave, Evanston, IL",2400,,https://photos.zillowstatic.com/fp/4b6d20060e5305fb87252c478f2f3f8e-p_e.jpg,1.95
https://www.zillow.com/apartments/evanston-il/1125-davis-st.-1603-11-ridge-ave./95xBvY/,3,1,"1125 Davis St, Evanston, IL",3050,,https://photos.zillowstatic.com/fp/fe006e9384062d3558855fa027d1f462-p_e.jpg,0.98
https://www.zillow.com/apartments/evanston-il/1125-davis-st.-1603-11-ridge-ave./95xBvY/,4,1,"1125 Davis St, Evanston, IL",3050,,https://photos.zillowstatic.com/fp/fe006e9384062d3558855fa027d1f462-p_e.jpg,0.98
https://www.zillow.com/apartments/evanston-il/1311-chicago-avenue-apartments/5XjMGW/,0,1,"1311 Chicago Ave, Evanston, IL",1215,,https://photos.zillowstatic.com/fp/2867590c443f4a58d7b4954d0c910ae2-p_e.jpg,1.147
https://www.zillow.com/apartments/evanston-il/1311-chicago-avenue-apartments/5XjMGW/,1,1,"1311 Chicago Ave, Evanston, IL",1575,,https://photos.zillowstatic.com/fp/2867590c443f4a58d7b4954d0c910ae2-p_e.jpg,1.147
https://www.zillow.com/apartments/evanston-il/996-main-st-apartments/5XjMLB/,0,1,"996 Main St, Evanston, IL",1165,,https://photos.zillowstatic.com/fp/919f18d9c18aa6715a56558fbe5b3089-p_e.jpg,1.748
https://www.zillow.com/apartments/evanston-il/996-main-st-apartments/5XjMLB/,2,1,"996 Main St, Evanston, IL",1385,,https://photos.zillowstatic.com/fp/919f18d9c18aa6715a56558fbe5b3089-p_e.jpg,1.748
https://www.zillow.com/apartments/evanston-il/hinman/CrcdtQ/,2,1,"555 Hinman Ave, Evanston, IL",2000,,https://photos.zillowstatic.com/fp/90965649598142c6aefd63cfb26b93d5-p_e.jpg,2.031
https://www.zillow.com/apartments/evanston-il/2247-ridge-ave/5XxX4x/,1,1,"2247 Ridge Ave, Evanston, IL",1645,,https://photos.zillowstatic.com/fp/c23d84d9d8b8d3c18faa2dbc209a07f4-p_e.jpg,0.518
https://www.zillow.com/apartments/evanston-il/2247-ridge-ave/5XxX4x/,2,1,"2247 Ridge Ave, Evanston, IL",2155,,https://photos.zillowstatic.com/fp/c23d84d9d8b8d3c18faa2dbc209a07f4-p_e.jpg,0.518
https://www.zillow.com/apartments/evanston-il/hampton-parkway/CgGwFm/,1,1,"2730 Hampton Pkwy, Evanston, IL",1200,,https://photos.zillowstatic.com/fp/27815eea57e731c90b13df41930d5a33-p_e.jpg,1.046
https://www.zillow.com/apartments/evanston-il/hampton-parkway/CgGwFm/,2,1,"2730 Hampton Pkwy, Evanston, IL",1400,,https://photos.zillowstatic.com/fp/27815eea57e731c90b13df41930d5a33-p_e.jpg,1.046
https://www.zillow.com/homedetails/1235-Ridge-Ave-Evanston-IL-60202/3565018_zpid/,4,2,"1235 Ridge Ave, Evanston, IL 60202",3500,1600,https://photos.zillowstatic.com/fp/11277e173e9df5c454b806e06974f905-p_e.jpg,1.351
"https://www.zillow.com/b/building/42.055332,-87.68428_ll/",3,1,"915 Hamlin St, Evanston, IL",4800,,https://photos.zillowstatic.com/fp/1cb6caa37e7ab314f18452af2ea91b37-p_e.jpg,0.498
https://www.zillow.com/homedetails/1607-Simpson-St-2W-Evanston-IL-60201/2088868233_zpid/,2,1,"1607 Simpson St #2W, Evanston, IL 60201",2550,1200,https://photos.zillowstatic.com/fp/7c2b457f30fec847f807e42707153959-p_e.jpg,1.002
https://www.zillow.com/homedetails/1239-Emerson-St-APT-2-Evanston-IL-60201/462367065_zpid/,3,2,"1239 Emerson St APT 2, Evanston, IL 60201",3300,,https://photos.zillowstatic.com/fp/e874907cb4b38d32bc413e974956d9a3-p_e.jpg,0.838
https://www.zillow.com/homedetails/1722-Grey-Ave-Evanston-IL-60201/3518244_zpid/,3,2,"1722 Grey Ave, Evanston, IL 60201",2300,600,https://photos.zillowstatic.com/fp/3f40152a6802c7921f1bb4c5578f6b05-p_e.jpg,1.535
https://www.zillow.com/homedetails/2002-Maple-Ave-Evanston-IL-60201/2073156857_zpid/,3,1,"2002 Maple Ave, Evanston, IL 60201",2750,,https://photos.zillowstatic.com/fp/59960c74ef793b96d073cb9fbd090282-p_e.jpg,0.561
https://www.zillow.com/homedetails/203-Custer-Ave-APT-2-Evanston-IL-60202/65556774_zpid/,1,1,"203 Custer Ave APT 2, Evanston, IL 60202",1350,750,https://photos.zillowstatic.com/fp/e60bd940422306fd510c0a93c717af64-p_e.jpg,2.532
https://www.zillow.com/homedetails/1633-McDaniel-Ave-2-Evanston-IL-60201/462097377_zpid/,5,2,"1633 McDaniel Ave #2, Evanston, IL 60201",3900,1750,https://photos.zillowstatic.com/fp/1953769dd033a66801984e81050769f3-p_e.jpg,1.82
https://www.zillow.com/homedetails/1237-Emerson-St-A-Evanston-IL-60201/2079323912_zpid/,4,2,"1237 Emerson St #A, Evanston, IL 60201",3600,1500,https://photos.zillowstatic.com/fp/c559e7274e453666b388433a86f8dbc8-p_e.jpg,0.831
https://www.zillow.com/homedetails/1303-Elmwood-Ave-101-Evanston-IL-60201/448854196_zpid/,1,1,"1303 Elmwood Ave #101, Evanston, IL 60201",1550,,https://photos.zillowstatic.com/fp/e3515f70e4e8bcd15632e709f650e7c5-p_e.jpg,1.213
https://www.zillow.com/apartments/evanston-il/914-crain-st./5XjkdP/,2,1,"914 Crain St, Evanston, IL",2100,,https://photos.zillowstatic.com/fp/abd99def209046f950df93f1983273e1-p_e.jpg,1.461
https://www.zillow.com/homedetails/804-Forest-Ave-APT-2-Evanston-IL-60202/3566936_zpid/,1,1,"804 Forest Ave APT 2, Evanston, IL 60202",1825,,https://photos.zillowstatic.com/fp/11d517d6c78bfe975d2b7c15937d9d2d-p_e.jpg,1.768
https://www.zillow.com/homedetails/732-Mulford-St-APT-1-Evanston-IL-60202/2095141411_zpid/,3,1,"732 Mulford St APT 1, Evanston, IL 60202",2695,,https://photos.zillowstatic.com/fp/120f2c63a75a215c20d27a81dbecb376-p_e.jpg,2.455
https://www.zillow.com/homedetails/2722-Central-St-Evanston-IL-60201/3515332_zpid/,2,1,"2722 Central St, Evanston, IL 60201",3350,,https://photos.zillowstatic.com/fp/a71c963d1de9b157fba542eb07c7c0fd-p_e.jpg,1.926
https://www.zillow.com/apartments/chicago-il/530-w.-aldine/5XfWnm/,1,1,"312 Lee St, Evanston, IL",2195,,https://photos.zillowstatic.com/fp/aad3f015fb253fdf82841a723029d513-p_e.jpg,1.549
https://www.zillow.com/apartments/chicago-il/530-w.-aldine/5XfWnm/,2,1,"312 Lee St, Evanston, IL",2445,,https://photos.zillowstatic.com/fp/aad3f015fb253fdf82841a723029d513-p_e.jpg,1.549
https://www.zillow.com/b/320-lee-st-evanston-il-CkKCxQ/,1,1,"320 Lee St, Evanston, IL",2645,,https://photos.zillowstatic.com/fp/b93942a72071bea8566322b34d2505c7-p_e.jpg,1.549
https://www.zillow.com/b/320-lee-st-evanston-il-CkKCxQ/,2,1,"320 Lee St, Evanston, IL",2645,,https://photos.zillowstatic.com/fp/b93942a72071bea8566322b34d2505c7-p_e.jpg,1.549
https://www.zillow.com/b/1130-maple-ave-evanston-il-5XjMcJ/,1,1,"1130 Maple Ave, Evanston, IL",2295,,https://photos.zillowstatic.com/fp/57230afe27c96877956177b838c3eaf7-p_e.jpg,1.421
https://www.zillow.com/b/1130-maple-ave-evanston-il-5XjMcJ/,3,1,"1130 Maple Ave, Evanston, IL",2745,,https://photos.zillowstatic.com/fp/57230afe27c96877956177b838c3eaf7-p_e.jpg,1.421
https://www.zillow.com/b/909-elmwood-ave-evanston-il-5XjKDB/,0,1,"909 Elmwood Ave, Evanston, IL",1595,,https://photos.zillowstatic.com/fp/fcf8f898afe86ef4066a20a04f9b90c2-p_e.jpg,1.68
https://www.zillow.com/b/909-elmwood-ave-evanston-il-5XjKDB/,1,1,"909 Elmwood Ave, Evanston, IL",1795,,https://photos.zillowstatic.com/fp/fcf8f898afe86ef4066a20a04f9b90c2-p_e.jpg,1.68
https://www.zillow.com/homedetails/804-Seward-St-APT-1-Evanston-IL-60202/2125946661_zpid/,1,1,"804 Seward St APT 1, Evanston, IL 60202",1950,,https://photos.zillowstatic.com/fp/2eef740cf0c54f079811c51ed159c72a-p_e.jpg,2.06
https://www.zillow.com/b/912-reba-pl-evanston-il-5XjRZq/,1,1,"912 Reba Pl, Evanston, IL",1795,,https://photos.zillowstatic.com/fp/89b5b9075a6c5bd900d4087d91d12bd6-p_e.jpg,2.027
https://www.zillow.com/homedetails/802-S-Sherman-Ave-2-Evanston-IL-60202/451004649_zpid/,1,1,"802 S Sherman Ave #2, Evanston, IL 60202",1995,,https://photos.zillowstatic.com/fp/a9cb22a7f6efde41bda19cd63bdc6e62-p_e.jpg,1.811
https://www.zillow.com/b/800-sherman-avenue-evanston-il-5XjTLS/,2,1,"800 Sherman Ave, Evanston, IL",1895,,https://photos.zillowstatic.com/fp/4e70b54680cbd91b0e015e5dda2611bf-p_e.jpg,1.798
"https://www.zillow.com/b/building/42.032616,-87.68237_ll/",1,1,"800 Washington St, Evanston, IL",1895,,https://photos.zillowstatic.com/fp/6e5ed8d3d623ac5afd96138a9eede34c-p_e.jpg,1.785
https://www.zillow.com/homedetails/2100-Greenwood-St-UNIT-203-Evanston-IL-60201/2104721841_zpid/,1,2,"2100 Greenwood St Unit 203, Evanston, IL 60201",3097,1500,https://photos.zillowstatic.com/fp/7c4d850a0d83a3062d5b79edc359b8e7-p_e.jpg,1.776
https://www.zillow.com/homedetails/156-Asbury-Ave-APT-4-Evanston-IL-60202/87727134_zpid/,1,1,"156 Asbury Ave APT 4, Evanston, IL 60202",1495,650,https://photos.zillowstatic.com/fp/86d6fa2124628d921852a97dd088c4ec-p_e.jpg,2.647
https://www.zillow.com/b/916-reba-pl-evanston-il-5XjRb5/,1,1,"916 Reba Pl, Evanston, IL",1795,,https://photos.zillowstatic.com/fp/57db34e27b00cb645ca34d6f7b30f7cd-p_e.jpg,2.026
https://www.zillow.com/homedetails/832-Reba-Pl-1N-Evanston-IL-60202/2070069515_zpid/,1,1,"832 Reba Pl #1N, Evanston, IL 60202",1795,,https://photos.zillowstatic.com/fp/b0fdfb222c99c090ccc44dacb2ff1303-p_e.jpg,2.018
https://www.zillow.com/homedetails/830-Reba-Pl-3S-Evanston-IL-60202/2070069516_zpid/,1,1,"830 Reba Pl #3S, Evanston, IL 60202",1850,,https://photos.zillowstatic.com/fp/19a21a9c8dda53dfe09b499fb7da6908-p_e.jpg,2.013
https://www.zillow.com/b/911-elmwood-ave-evanston-il-CpZNYQ/,0,1,"911 Elmwood Ave, Evanston, IL",1595,,https://photos.zillowstatic.com/fp/62161033d98571111ebe1c6e447549e7-p_e.jpg,1.667
https://www.zillow.com/b/911-elmwood-ave-evanston-il-CpZNYQ/,1,1,"911 Elmwood Ave, Evanston, IL",1695,,https://photos.zillowstatic.com/fp/62161033d98571111ebe1c6e447549e7-p_e.jpg,1.667
https://www.zillow.com/b/911-elmwood-ave-evanston-il-CpZNYQ/,2,1,"911 Elmwood Ave, Evanston, IL",1895,,https://photos.zillowstatic.com/fp/62161033d98571111ebe1c6e447549e7-p_e.jpg,1.667
https://www.zillow.com/homedetails/931-Forest-Ave-APT-2E-Evanston-IL-60202/2094982192_zpid/,1,1,"931 Forest Ave APT 2E, Evanston, IL 60202",1995,,https://photos.zillowstatic.com/fp/1281e5e67260170683a8ecc991c01659-p_e.jpg,1.579
https://www.zillow.com/b/918-reba-pl-evanston-il-5XjRZy/,1,1,"918 Reba Pl, Evanston, IL",1795,,https://photos.zillowstatic.com/fp/50479295689ebaf3d0e5dd6974bb6e5d-p_e.jpg,2.016
https://www.zillow.com/b/910-reba-pl-evanston-il-5XmCXp/,1,1,"910 Reba Pl, Evanston, IL",1795,,https://photos.zillowstatic.com/fp/ed20eb005429d81b56c1c092d4c4eed4-p_e.jpg,2.021
https://www.zillow.com/b/834-reba-pl-evanston-il-CnCBJz/,1,1,"828 Reba Pl, Evanston, IL",1795,,https://photos.zillowstatic.com/fp/b51fa8cdb2c7c11fd9598ccb7162e81f-p_e.jpg,2.008
https://www.zillow.com/homedetails/904-Seward-St-APT-3-Evanston-IL-60202/2120894007_zpid/,2,2,"904 Seward St APT 3, Evanston, IL 60202",2395,,https://photos.zillowstatic.com/fp/2eef740cf0c54f079811c51ed159c72a-p_e.jpg,2.079
https://www.zillow.com/b/1111-lake-st-evanston-il-5Y33d4/,2,1,"1111 Lake St, Evanston, IL",2295,,https://photos.zillowstatic.com/fp/095ddb2a9201441034fd7867cd121651-p_e.jpg,1.126
https://www.zillow.com/homedetails/1317-5-Oak-Ave-E3-Evanston-IL-60202/342625415_zpid/,1,1,"1317.5 Oak Ave #E3, Evanston, IL 60202",1895,,https://photos.zillowstatic.com/fp/34efab0f1eb0c4d92a3f9623d5b741a9-p_e.jpg,1.456
https://www.zillow.com/b/834-reba-pl-evanston-il-CnCBJz/,1,1,"834 Reba Pl, Evanston, IL",1795,,https://photos.zillowstatic.com/fp/400908c622df3c3801b64f18f47ce849-p_e.jpg,2.005
https://www.zillow.com/b/834-reba-pl-evanston-il-CnCBJz/,2,1,"834 Reba Pl, Evanston, IL",2150,,https://photos.zillowstatic.com/fp/400908c622df3c3801b64f18f47ce849-p_e.jpg,2.005
https://www.zillow.com/b/800-seward-st-evanston-il-9Vnqmb/,2,1,"800 Seward St, Evanston, IL",2195,,https://photos.zillowstatic.com/fp/d0797f20dd645dcc42dcbe3359dea064-p_e.jpg,2.059
https://www.zillow.com/homedetails/1452-Oak-Ave-2S-Evanston-IL-60201/2062964313_zpid/,2,1,"1452 Oak Ave #2S, Evanston, IL 60201",2295,,https://photos.zillowstatic.com/fp/630717548c2194e8ecce68d653f0d3a1-p_e.jpg,1.119
https://www.zillow.com/homedetails/916-Crain-St-APT-1-Evanston-IL-60202/2093126124_zpid/,2,1,"916 Crain St APT 1, Evanston, IL 60202",2995,,https://photos.zillowstatic.com/fp/c622a9af6f29986f7a84c337f4760eb5-p_e.jpg,1.374
https://www.zillow.com/homedetails/716-Reba-Pl-3S-Evanston-IL-60202/2062149430_zpid/,2,1,"716 Reba Pl #3S, Evanston, IL 60202",2000,,https://photos.zillowstatic.com/fp/c52d6d1b0d13f58bd6ac4a05a9f1d8c0-p_e.jpg,1.987
https://www.zillow.com/homedetails/914-Reba-Pl-APT-3-Evanston-IL-60202/2112301485_zpid/,1,1,"914 Reba Pl APT 3, Evanston, IL 60202",1695,,https://photos.zillowstatic.com/fp/64ae83b811d8485137e7c3060f77d02a-p_e.jpg,2.028
https://www.zillow.com/homedetails/1452-Oak-Ave-APT-2N-Evanston-IL-60201/2093225942_zpid/,2,1,"1452 Oak Ave APT 2N, Evanston, IL 60201",2295,,https://photos.zillowstatic.com/fp/b7a8320750db27951f716b4f744f55eb-p_e.jpg,1.119
https://www.zillow.com/homedetails/548-Sherman-Ave-1-Evanston-IL-60202/2070185329_zpid/,1,1,"548 Sherman Ave #1, Evanston, IL 60202",1795,,https://photos.zillowstatic.com/fp/0e4fdd982d4bcc6a2ad1921d269597ae-p_e.jpg,2.066
https://www.zillow.com/homedetails/1005-Dewey-Ave-Evanston-IL-60202/3540830_zpid/,4,2,"1005 Dewey Ave, Evanston, IL 60202",3300,1900,https://photos.zillowstatic.com/fp/d75c5d231f6d5f6db9f990424f3e6d3e-p_e.jpg,1.841
https://www.zillow.com/b/314-lee-st-evanston-il-5XjrXT/,2,1,"314 Lee St, Evanston, IL",2620,,https://photos.zillowstatic.com/fp/0f1d4c5e66a10d522f0cf8416cedf1dd-p_e.jpg,1.548
https://www.zillow.com/homedetails/1132-Maple-Ave-22-Evanston-IL-60202/462566476_zpid/,3,1,"1132 Maple Ave #22, Evanston, IL 60202",2745,,https://photos.zillowstatic.com/fp/d3e09ba7d324c8713866a0a57518b3de-p_e.jpg,1.414
https://www.zillow.com/homedetails/432-Elmwood-Ave-2-Evanston-IL-60202/3569283_zpid/,1,1,"432 Elmwood Ave #2, Evanston, IL 60202",1445,,https://photos.zillowstatic.com/fp/4c4e3dad1a7ac6e67ed7646630d5ad02-p_e.jpg,2.252
https://www.zillow.com/homedetails/618-Elmwood-Ave-APT-2-Evanston-IL-60202/89938449_zpid/,2,1,"618 Elmwood Ave APT 2, Evanston, IL 60202",2195,,https://photos.zillowstatic.com/fp/2b1e9c9956a25afb7a38a5d9f9adf9a4-p_e.jpg,2.015
https://www.zillow.com/homedetails/548-Elmwood-Ave-2-Evanston-IL-60202/2069238662_zpid/,2,1,"548 Elmwood Ave #2, Evanston, IL 60202",1825,,https://photos.zillowstatic.com/fp/5a95816dca03e9bb30daffc8ed008920-p_e.jpg,2.096
https://www.zillow.com/apartments/evanston-il/805-judson/5XjZHj/,2,1,"805 Judson Ave, Evanston, IL",2270,,https://photos.zillowstatic.com/fp/a26f331a22086cd069a2e6cf9c562eba-p_e.jpg,1.765
https://www.zillow.com/homedetails/927-Forest-Ave-APT-2E-Evanston-IL-60202/2094078761_zpid/,3,1,"927 Forest Ave APT 2E, Evanston, IL 60202",2395,,https://photos.zillowstatic.com/fp/ed331bb320008f0e1067d04485952b32-p_e.jpg,1.59
https://www.zillow.com/homedetails/1107-Lake-St-3S-Evanston-IL-60201/2063149307_zpid/,3,2,"1107 Lake St #3S, Evanston, IL 60201",2495,,https://photos.zillowstatic.com/fp/d6581c4d23e0064093ba3491e4c50fde-p_e.jpg,1.122
https://www.zillow.com/homedetails/2727-Central-St-APT-1S-Evanston-IL-60201/2086172100_zpid/,1,1,"2727 Central St APT 1S, Evanston, IL 60201",1695,,https://photos.zillowstatic.com/fp/76068ba659d8233c61a1f500369ade73-p_e.jpg,1.95
https://www.zillow.com/homedetails/854-Ridge-Ave-4-Evanston-IL-60202/2080093522_zpid/,3,2,"854 Ridge Ave #4, Evanston, IL 60202",2995,1600,https://photos.zillowstatic.com/fp/d8fccffb41b6c4fa91a1638e409395b0-p_e.jpg,1.769
https://www.zillow.com/homedetails/2122-Dewey-Ave-1-2-Evanston-IL-60201/2079471117_zpid/,3,2,"2122 Dewey Ave #1 & 2, Evanston, IL 60201",3288,1893,https://photos.zillowstatic.com/fp/28bd03ac83741a71ed7833f2fec69845-p_e.jpg,1.078
https://www.zillow.com/b/804-washington-st-evanston-il-CrCcVv/,2,1,"804 S Sherman Ave, Evanston, IL",1895,,https://photos.zillowstatic.com/fp/5a971cd02d753c1f0b253b8db859aabd-p_e.jpg,1.808
https://www.zillow.com/homedetails/736-Hinman-Ave-APT-2E-Evanston-IL-60202/3567250_zpid/,1,1,"736 Hinman Ave APT 2E, Evanston, IL 60202",2450,900,https://photos.zillowstatic.com/fp/67241f52184905018b323f7cd2df8c9b-p_e.jpg,1.825
https://www.zillow.com/homedetails/839-Mulford-St-APT-2-Evanston-IL-60202/2105459608_zpid/,1,1,"839 Mulford St APT 2, Evanston, IL 60202",1495,,https://photos.zillowstatic.com/fp/06142b5cccd3258268826435944a4292-p_e.jpg,2.448
https://www.zillow.com/homedetails/718-Reba-Pl-2N-Evanston-IL-60202/2077701401_zpid/,2,1,"718 Reba Pl #2N, Evanston, IL 60202",2195,,https://photos.zillowstatic.com/fp/c52d6d1b0d13f58bd6ac4a05a9f1d8c0-p_e.jpg,1.983
https://www.zillow.com/homedetails/1454-Oak-Ave-APT-3E-Evanston-IL-60201/2092697905_zpid/,1,1,"1454 Oak Ave APT 3E, Evanston, IL 60201",1895,,https://photos.zillowstatic.com/fp/6f10ec50dc78bf61540fa9deaa7f1995-p_e.jpg,1.115
https://www.zillow.com/homedetails/801-Monroe-St-APT-3-Evanston-IL-60202/2102539984_zpid/,2,1,"801 Monroe St APT 3, Evanston, IL 60202",2025,,https://photos.zillowstatic.com/fp/2863788cc8fbf1e737c2818bf1200c86-p_e.jpg,1.892
https://www.zillow.com/b/2151-ridge-ave-evanston-il-5Zqg5w/,3,1,"2151 Ridge Ave, Evanston, IL",2750,,https://photos.zillowstatic.com/fp/89eb062d4d4bdb448f171145951a19e6-p_e.jpg,0.582
https://www.zillow.com/b/2151-ridge-ave-evanston-il-5Zqg5w/,4,1,"2151 Ridge Ave, Evanston, IL",4600,,https://photos.zillowstatic.com/fp/89eb062d4d4bdb448f171145951a19e6-p_e.jpg,0.582
https://www.zillow.com/homedetails/822-Reba-Pl-APT-2N-Evanston-IL-60202/2063243898_zpid/,2,1,"822 Reba Pl APT 2N, Evanston, IL 60202",1695,,https://photos.zillowstatic.com/fp/e7c31b3f8f86f9414c8ba1a571bb03c0-p_e.jpg,2.009
https://www.zillow.com/homedetails/801-Case-St-APT-1-Evanston-IL-60202/2080439902_zpid/,2,1,"801 Case St APT 1, Evanston, IL 60202",1695,,https://photos.zillowstatic.com/fp/39be46d2869900d28ffa0e6039726e6b-p_e.jpg,2.487
https://www.zillow.com/homedetails/1456-Oak-Ave-APT-3N-Evanston-IL-60201/2083066906_zpid/,2,1,"1456 Oak Ave APT 3N, Evanston, IL 60201",2195,,https://photos.zillowstatic.com/fp/a6a167d53299ae63bd6426f83cdbacbe-p_e.jpg,1.109
https://www.zillow.com/homedetails/902-Reba-Pl-APT-2-Evanston-IL-60202/89930649_zpid/,2,2,"902 Reba Pl APT 2, Evanston, IL 60202",2295,,https://photos.zillowstatic.com/fp/078e31dfbd3e03b9b79a8fc63e66420b-p_e.jpg,2.007
https://www.zillow.com/b/945-judson-ave-evanston-il-5XjrXW/,2,1,"945 Judson Ave, Evanston, IL",2595,,https://photos.zillowstatic.com/fp/633ad1a093b10ec82a34463cde92ce51-p_e.jpg,1.552
https://www.zillow.com/b/558-elmwood-ave-evanston-il-CkZmtw/,2,1,"558 Elmwood Ave, Evanston, IL",1925,,https://photos.zillowstatic.com/fp/d48de3051da9451bc9413a93ade2e10b-p_e.jpg,2.078
https://www.zillow.com/homedetails/804-Washington-St-UNIT-3-Evanston-IL-60202/439576962_zpid/,2,1,"804 Washington St Unit 3, Evanston, IL 60202",2200,,https://photos.zillowstatic.com/fp/5a971cd02d753c1f0b253b8db859aabd-p_e.jpg,1.788
https://www.zillow.com/b/907-elmwood-ave-evanston-il-5XjM43/,0,1,"907 Elmwood Ave, Evanston, IL",1595,,https://photos.zillowstatic.com/fp/6ab024615b6d307a7a831ac0531536ff-p_e.jpg,1.683
https://www.zillow.com/homedetails/943-Judson-Ave-APT-2-Evanston-IL-60202/2116162753_zpid/,2,1,"943 Judson Ave APT 2, Evanston, IL 60202",2085,1100,https://photos.zillowstatic.com/fp/7f1c0b4e62efaad179e09fbcfcc155ef-p_e.jpg,1.559
https://www.zillow.com/apartments/evanston-il/1233-chicago-ave./5XknbV/,1,1,"1233 Chicago Ave, Evanston, IL",2500,,https://photos.zillowstatic.com/fp/aed8a5343429d4bd21c35b138b3dd54c-p_e.jpg,1.231
https://www.zillow.com/apartments/evanston-il/1233-chicago-ave./5XknbV/,2,1,"1233 Chicago Ave, Evanston, IL",1900,,https://photos.zillowstatic.com/fp/aed8a5343429d4bd21c35b138b3dd54c-p_e.jpg,1.231
https://www.zillow.com/apartments/evanston-il/judson/CmPdKm/,3,2,"Judson, 918 Judson Ave #920-2, Evanston, IL 60202",3208,,https://photos.zillowstatic.com/fp/2525a2db7695eb8918856b2029d2c3e0-p_e.jpg,1.609
https://www.zillow.com/homedetails/550-Elmwood-Ave-APT-1-Evanston-IL-60202/2111344613_zpid/,2,1,"550 Elmwood Ave APT 1, Evanston, IL 60202",1825,,https://photos.zillowstatic.com/fp/2d78921e5a3ebf9c346d5bfe9ebb6992-p_e.jpg,2.094
https://www.zillow.com/apartments/evanston-il/805-judson/5XjZHj/,2,1,"805 Judson Ave, Evanston, IL",2270,,https://photos.zillowstatic.com/fp/1c4661cc8fe5905688a0fea05fdbce46-p_e.jpg,1.765
https://www.zillow.com/b/1132-maple-ave-evanston-il-5XjMcK/,3,1,"1132 Maple Ave, Evanston, IL",2745,,https://photos.zillowstatic.com/fp/b2be2a669b5042a73a8af404e76aab29-p_e.jpg,1.415
https://www.zillow.com/homedetails/3133-Central-St-Evanston-IL-60201/3374730_zpid/,3,2,"3133 Central St, Evanston, IL 60201",3300,,https://photos.zillowstatic.com/fp/6c0153ed76a19dde2748958a37bad974-p_e.jpg,2.458
https://www.zillow.com/homedetails/1454-Oak-Ave-G-Evanston-IL-60201/2056466398_zpid/,1,1,"1454 Oak Ave #G, Evanston, IL 60201",1625,,https://photos.zillowstatic.com/fp/3dcd0ebe7cb99484cd5ad91b4811d36d-p_e.jpg,1.116
https://www.zillow.com/homedetails/944-Asbury-Ave-Evanston-IL-60202/2062357275_zpid/,0,1,"944 Asbury Ave, Evanston, IL 60202",1195,600,https://photos.zillowstatic.com/fp/297194a4fca2783873e084dbe96562e5-p_e.jpg,1.717
https://www.zillow.com/apartments/evanston-il/2146-sherman-ave./5fvrYP/,2,1,"2146 Sherman Ave, Evanston, IL",2495,,https://photos.zillowstatic.com/fp/59f10e55d1ab1035b29cb95015049d32-p_e.jpg,0.357
https://www.zillow.com/apartments/evanston-il/716-20-clark-st./5Xy7Jc/,2,1,"716 Clark St, Evanston, IL",2900,,https://photos.zillowstatic.com/fp/f6d01864b0839fde5c170001a660abf4-p_e.jpg,0.631
https://www.zillow.com/apartments/evanston-il/716-20-clark-st./5Xy7Jc/,3,1,"716 Clark St, Evanston, IL",3250,,https://photos.zillowstatic.com/fp/f6d01864b0839fde5c170001a660abf4-p_e.jpg,0.631
https://www.zillow.com/apartments/evanston-il/716-20-clark-st./5Xy7Jc/,4,1,"716 Clark St, Evanston, IL",3995,,https://photos.zillowstatic.com/fp/f6d01864b0839fde5c170001a660abf4-p_e.jpg,0.631
https://www.zillow.com/homedetails/943-945-Judson-Ave-45-1-Evanston-IL-60202/351232797_zpid/,2,1,"943-945 Judson Ave #45-1, Evanston, IL 60202",2595,,https://photos.zillowstatic.com/fp/a9cc9c8dcd895a2f3340dcffaab453f4-p_e.jpg,1.875
https://www.zillow.com/homedetails/1011-Howard-St-ID1032511P-Evanston-IL-60202/450851470_zpid/,2,1,"1011 Howard St #Id1032511p, Evanston, IL 60202",2049,,https://photos.zillowstatic.com/fp/529530899fb156d0ba7745589c14082b-p_e.jpg,2.712
https://www.zillow.com/homedetails/230-Elmwood-Ave-APT-1S-Evanston-IL-60202/2090712014_zpid/,2,1,"230 Elmwood Ave APT 1S, Evanston, IL 60202",1795,,https://photos.zillowstatic.com/fp/4896df23e0f5b5cc8742c0f3dcb2e9a1-p_e.jpg,2.483
https://www.zillow.com/apartments/evanston-il/1703-13-ridge-ave./Cm55Tr/,3,1,"1703 Ridge Ave, Evanston, IL",2850,,https://photos.zillowstatic.com/fp/4fdc737f1eb3189df58b129e0f065b12-p_e.jpg,0.911
https://www.zillow.com/apartments/evanston-il/1703-13-ridge-ave./Cm55Tr/,4,1,"1703 Ridge Ave, Evanston, IL",2950,,https://photos.zillowstatic.com/fp/4fdc737f1eb3189df58b129e0f065b12-p_e.jpg,0.911
https://www.zillow.com/apartments/evanston-il/sure-man-llc/ChHtj7/,1,1,"834-38 Sherman Ave, Evanston, IL",1300,,https://photos.zillowstatic.com/fp/99cbdd77817d9d9cf4ed75fbb84ce533-p_e.jpg,2.311
https://www.zillow.com/homedetails/1001-W-Howard-St-ID1032507P-Evanston-IL-60202/450862378_zpid/,2,1,"1001 W Howard St #Id1032507p, Evanston, IL 60202",1766,,https://photos.zillowstatic.com/fp/e78ea5cd58be1a8228695e7c43dcead5-p_e.jpg,2.691
https://www.zillow.com/homedetails/1133-Maple-Ave-2-Evanston-IL-60202/463118920_zpid/,3,1,"1133 Maple Ave #2, Evanston, IL 60202",2745,1000,https://photos.zillowstatic.com/fp/7919544a4588144b39c23df09832200f-p_e.jpg,1.426
https://www.zillow.com/homedetails/301-Elmwood-Ave-APT-1S-Evanston-IL-60202/2101081918_zpid/,2,1,"301 Elmwood Ave APT 1S, Evanston, IL 60202",1850,1000,https://photos.zillowstatic.com/fp/1267ac46fa76a5b2225b0abd3bb2d295-p_e.jpg,2.423
https://www.zillow.com/homedetails/408-Ridge-Ave-Evanston-IL-60202/2100909274_zpid/,0,1,"408 Ridge Ave, Evanston, IL 60202",1899,,https://photos.zillowstatic.com/fp/d5c36e4910fa982283085a7a8165b00a-p_e.jpg,2.339
https://www.zillow.com/homedetails/1414-Elmwood-Ave-APT-2B-Evanston-IL-60201/80812511_zpid/,2,2,"1414 Elmwood Ave APT 2B, Evanston, IL 60201",2850,1000,https://photos.zillowstatic.com/fp/15eca1d0401a89d59004c0e1fae183cc-p_e.jpg,1.104
https://www.zillow.com/b/optima-horizons-evanston-il-5XjSPx/,1,1,"800 Elgin Rd, Evanston, IL",2350,,https://photos.zillowstatic.com/fp/d2b6bed3991f6d46511cb1134ab18f67-p_e.jpg,0.625
https://www.zillow.com/b/optima-horizons-evanston-il-5XjSPx/,2,1,"800 Elgin Rd, Evanston, IL",3500,,https://photos.zillowstatic.com/fp/d2b6bed3991f6d46511cb1134ab18f67-p_e.jpg,0.625
https://www.zillow.com/homedetails/1327-Washington-St-2-Evanston-IL-60202/2078514118_zpid/,2,1,"1327 Washington St #2, Evanston, IL 60202",2150,1000,https://photos.zillowstatic.com/fp/12a264da03c34e17af0906b813a258f5-p_e.jpg,1.898
https://www.zillow.com/homedetails/147-Dodge-Ave-APT-2-Evanston-IL-60202/451113609_zpid/,3,2,"147 Dodge Ave APT 2, Evanston, IL 60202",3195,1540,https://photos.zillowstatic.com/fp/5336c0b6a3dcffab7b3ff3c4ae24944f-p_e.jpg,2.83
https://www.zillow.com/homedetails/710-Oakton-St-APT-306-Evanston-IL-60202/58358216_zpid/,2,2,"710 Oakton St APT 306, Evanston, IL 60202",2400,1068,https://photos.zillowstatic.com/fp/ba1ac786c4fb3d89bb488d34b3b7ce60-p_e.jpg,2.207
https://www.zillow.com/homedetails/1720-N-Maple-St-1040-Evanston-IL-60201/463026111_zpid/,2,2,"1720 N Maple St #1040, Evanston, IL 60201",3600,,https://photos.zillowstatic.com/fp/3661350c53b2d9f4901c5e77af33b00c-p_e.jpg,1.197
https://www.zillow.com/homedetails/1406-Brummel-St-1W-Evanston-IL-60202/462951931_zpid/,2,1,"1406 Brummel St #1W, Evanston, IL 60202",1700,1000,https://photos.zillowstatic.com/fp/06a6cfbdc033f2544b03c0eb786e4b85-p_e.jpg,2.678
https://www.zillow.com/homedetails/825-Ridge-Ave-206-Evanston-IL-60202/450217669_zpid/,2,2,"825 Ridge Ave #206, Evanston, IL 60202",2150,,https://photos.zillowstatic.com/fp/480e384960cefa49c914f931c0461975-p_e.jpg,1.806
https://www.zillow.com/homedetails/1128-Florence-Ave-1E-Evanston-IL-60202/2078360989_zpid/,2,2,"1128 Florence Ave #1E, Evanston, IL 60202",6000,1800,https://photos.zillowstatic.com/fp/313fa41947a62e8c87f13397a13c696d-p_e.jpg,1.67
https://www.zillow.com/homedetails/536-Sheridan-Rd-A-Evanston-IL-60202/462755451_zpid/,3,1,"536 Sheridan Rd #A, Evanston, IL 60202",2950,1850,https://photos.zillowstatic.com/fp/f8ee7b0b53e1ad4184c59bd2d4dcbed8-p_e.jpg,2.083
https://www.zillow.com/homedetails/777-Hinman-Ave-APT-33-Evanston-IL-60202/2081829266_zpid/,2,2,"777 Hinman Ave APT 33, Evanston, IL 60202",2500,905,https://photos.zillowstatic.com/fp/d94f25ce8844a3097ff3c12d7048cb2e-p_e.jpg,1.797
https://www.zillow.com/homedetails/2040-Sherman-Ave-APT-3C-Evanston-IL-60201/3563617_zpid/,2,1,"2040 Sherman Ave APT 3C, Evanston, IL 60201",2400,1050,https://photos.zillowstatic.com/fp/776e413634c33121fa637a316d5492c5-p_e.jpg,0.398
https://www.zillow.com/b/1926-sherman-ave-evanston-il-BPb2Bs/,3,1,"1926 Sherman Ave, Evanston, IL",3075,,https://photos.zillowstatic.com/fp/cf552ed550de1c105c23d89f0c6426e8-p_e.jpg,0.485
https://www.zillow.com/homedetails/1020-Austin-St-APT-1-Evanston-IL-60202/2105831360_zpid/,4,2,"1020 Austin St APT 1, Evanston, IL 60202",3800,2400,https://photos.zillowstatic.com/fp/f4e03862f8cc086293b6bc0a23a6defe-p_e.jpg,2.324
https://www.zillow.com/homedetails/141-Asbury-Ave-APT-3S-Evanston-IL-60202/54531692_zpid/,2,2,"141 Asbury Ave APT 3S, Evanston, IL 60202",1750,1000,https://photos.zillowstatic.com/fp/ac6f3e3bd56e809879c6a1ce709a5107-p_e.jpg,2.649
https://www.zillow.com/homedetails/1111-Pitner-Ave-2-Evanston-IL-60202/458694540_zpid/,3,1,"1111 Pitner Ave #2, Evanston, IL 60202",3750,1100,https://photos.zillowstatic.com/fp/b5d94714929379707fb97d7946af3ef4-p_e.jpg,2.058
https://www.zillow.com/b/340-ridge-ave-evanston-il-5j6ktZ/,2,1,"340 Ridge Ave, Evanston, IL",1800,,https://photos.zillowstatic.com/fp/352011f3889b1c5f4b15fdb0261b06d7-p_e.jpg,2.391
https://www.zillow.com/homedetails/831-Mulford-St-Evanston-IL-60202/2080598857_zpid/,2,1,"831 Mulford St, Evanston, IL 60202",1900,1075,https://photos.zillowstatic.com/fp/6fb2d771608d4eec31215d7cf9af8a17-p_e.jpg,2.437
https://www.zillow.com/b/1228-oak-ave-evanston-il-9HwDFj/,1,1,"1228 Oak Ave, Evanston, IL",1750,,https://photos.zillowstatic.com/fp/4eacf4585768832180ee4e8859f2990d-p_e.jpg,1.352
https://www.zillow.com/b/1228-oak-ave-evanston-il-9HwDFj/,2,1,"1228 Oak Ave, Evanston, IL",2200,,https://photos.zillowstatic.com/fp/4eacf4585768832180ee4e8859f2990d-p_e.jpg,1.352
https://www.zillow.com/homedetails/2144-Ashland-Ave-STE-3-Evanston-IL-60201/2083187755_zpid/,1,1,"2144 Ashland Ave Ste 3, Evanston, IL 60201",2350,1150,https://photos.zillowstatic.com/fp/e2e04e5fdf937b1a89051766ba29ab63-p_e.jpg,0.993
https://www.zillow.com/homedetails/1512-Dempster-St-Evanston-IL-60202/2068604044_zpid/,3,1,"1512 Dempster St, Evanston, IL 60202",2300,,https://photos.zillowstatic.com/fp/0e1acbca8f12e14654cf2dbe92ec0f8e-p_e.jpg,1.504
https://www.zillow.com/homedetails/800-Judson-Ave-2-Evanston-IL-60202/462747396_zpid/,3,2,"800 Judson Ave #2, Evanston, IL 60202",2445,1000,https://photos.zillowstatic.com/fp/3374815fac3ecd91c7afe95b101baa9d-p_e.jpg,1.769
https://www.zillow.com/b/2211-maple-ave-evanston-il-5fvrgz/,1,1,"2211 Maple Ave, Evanston, IL",2599,,https://photos.zillowstatic.com/fp/35a4d3e174d3af833aacfab428dda3d9-p_e.jpg,0.461
https://www.zillow.com/b/2211-maple-ave-evanston-il-5fvrgz/,3,1,"2211 Maple Ave, Evanston, IL",4899,,https://photos.zillowstatic.com/fp/35a4d3e174d3af833aacfab428dda3d9-p_e.jpg,0.461
https://www.zillow.com/homedetails/1911-Colfax-St-Evanston-IL-60201/3517278_zpid/,4,3,"1911 Colfax St, Evanston, IL 60201",5600,,https://photos.zillowstatic.com/fp/e79aa6a6f0c8da22f6a7ee9efe02fe2d-p_e.jpg,1.254
https://www.zillow.com/homedetails/1940-Jackson-Ave-F1-Evanston-IL-60201/440378499_zpid/,2,1,"1940 Jackson Ave #F1, Evanston, IL 60201",2400,800,https://photos.zillowstatic.com/fp/8134aeff2690b9b6ffd6a6045daf528c-p_e.jpg,0.97
https://www.zillow.com/homedetails/900-Washington-St-2B-Evanston-IL-60202/2082685821_zpid/,3,2,"900 Washington St #2B, Evanston, IL 60202",2400,1500,https://photos.zillowstatic.com/fp/96b4a14c2e15398fe0a2486303cec3d6-p_e.jpg,1.818
https://www.zillow.com/homedetails/811-Chicago-Ave-Evanston-IL-60202/49916303_zpid/,2,2,"811 Chicago Ave, Evanston, IL 60202",3250,1200,https://photos.zillowstatic.com/fp/e37ef8a2b154822f2a87d1929d9e44d7-p_e.jpg,1.766
https://www.zillow.com/homedetails/1236-Chicago-Ave-APT-301-Evanston-IL-60202/63691688_zpid/,2,1,"1236 Chicago Ave APT 301, Evanston, IL 60202",2995,1200,https://photos.zillowstatic.com/fp/e1f1460722045bc0cd3ad62b0586af10-p_e.jpg,1.242
https://www.zillow.com/homedetails/1122-Sherman-Ave-UNIT-2-Evanston-IL-60202/462069835_zpid/,3,1,"1122 Sherman Ave Unit 2, Evanston, IL 60202",2900,1040,https://photos.zillowstatic.com/fp/00f746fc04650209f4443e62efcc599d-p_e.jpg,1.395
https://www.zillow.com/homedetails/739-W-Brummel-St-3-Evanston-IL-60202/462771989_zpid/,3,2,"739 W Brummel St #3, Evanston, IL 60202",2700,2000,https://photos.zillowstatic.com/fp/1b8f3aadc9c7ba86395e3f046597aed2-p_e.jpg,2.541
https://www.zillow.com/homedetails/929-Washington-St-Evanston-IL-60202/3566199_zpid/,2,2,"929 Washington St, Evanston, IL 60202",2600,1100,https://photos.zillowstatic.com/fp/c30980dbd0ba8883971cc3220df2cfa4-p_e.jpg,1.79
https://www.zillow.com/homedetails/701-Oakton-St-APT-3-Evanston-IL-60202/2114255532_zpid/,1,1,"701 Oakton St APT 3, Evanston, IL 60202",1400,,"https://maps.googleapis.com/maps/api/staticmap?mobile=false&sensor=true&maptype=satellite&size=575x242&zoom=17&center=42.02684020996094,-87.68062591552734&key=AIzaSyBWYJWCA8FNMQvSe_k3LKfDGJaEgdKwsco&signature=n-SaNCYIXJXJolSValh7D-52dOI=",2.164
https://www.zillow.com/homedetails/2018-Lake-St-APT-2-Evanston-IL-60201/455634383_zpid/,3,2,"2018 Lake St APT 2, Evanston, IL 60201",3600,1600,https://photos.zillowstatic.com/fp/644c4b92a3850528e9a773ddcab0b6f2-p_e.jpg,1.664
https://www.zillow.com/homedetails/810-Colfax-St-Evanston-IL-60201/3563305_zpid/,4,2,"810 Colfax St, Evanston, IL 60201",5500,1815,https://photos.zillowstatic.com/fp/cc184bca24801d7f9486444c3da9e06c-p_e.jpg,0.396
https://www.zillow.com/homedetails/2203-Central-St-UNIT-2-Evanston-IL-60201/3376245_zpid/,2,1,"2203 Central St Unit 2, Evanston, IL 60201",2150,1050,https://photos.zillowstatic.com/fp/de2c9ce4f0badbfbbf8afcc9d8c51d79-p_e.jpg,1.523
https://www.zillow.com/homedetails/114-South-Blvd-APT-2-Evanston-IL-60202/351458051_zpid/,3,2,"114 South Blvd APT 2, Evanston, IL 60202",4000,1500,https://photos.zillowstatic.com/fp/9bea2f514d62c27df343049cf61cb096-p_e.jpg,2.151
https://www.zillow.com/homedetails/804-Elmwood-Ave-APT-3S-Evanston-IL-60202/2102596190_zpid/,1,1,"804 Elmwood Ave APT 3S, Evanston, IL 60202",1595,900,https://photos.zillowstatic.com/fp/96b4a14c2e15398fe0a2486303cec3d6-p_e.jpg,1.82
https://www.zillow.com/homedetails/1715-Dodge-Ave-B-Evanston-IL-60201/453043071_zpid/,2,1,"1715 Dodge Ave #B, Evanston, IL 60201",2100,684,https://photos.zillowstatic.com/fp/2af92d606730b200c02720f3a7f4dbbf-p_e.jpg,1.347
https://www.zillow.com/homedetails/1805-Hovland-Ct-Evanston-IL-60201/3518325_zpid/,4,2,"1805 Hovland Ct, Evanston, IL 60201",4500,2190,https://photos.zillowstatic.com/fp/bc77fb157fc46247052f47323ea0dd6d-p_e.jpg,1.418
https://www.zillow.com/homedetails/Evanston-IL-60201/463121938_zpid/,3,2,"(undisclosed Address), Evanston, IL 60201",3450,1600,https://photos.zillowstatic.com/fp/29ab1ff13ac5aad518693f4e0b700ff7-p_e.jpg,
https://www.zillow.com/homedetails/Evanston-IL-60201/463121975_zpid/,3,2,"(undisclosed Address), Evanston, IL 60201",3450,1600,https://photos.zillowstatic.com/fp/d54cd2807fb6e5ffb9eda79097b0e66f-p_e.jpg,
https://www.zillow.com/b/1720-maple-ave-evanston-il-5Xj6MF/,1,1,"1720 Maple Ave, Evanston, IL",2450,,https://photos.zillowstatic.com/fp/1be027df31984705f26ebf0695fc3531-p_e.jpg,0.771
https://www.zillow.com/b/1720-maple-ave-evanston-il-5Xj6MF/,2,1,"1720 Maple Ave, Evanston, IL",3100,,https://photos.zillowstatic.com/fp/1be027df31984705f26ebf0695fc3531-p_e.jpg,0.771
https://www.zillow.com/homedetails/822-Michigan-Ave-Evanston-IL-60202/3567018_zpid/,3,2,"822 Michigan Ave, Evanston, IL 60202",4650,2099,https://photos.zillowstatic.com/fp/bf1da2cafcd6bcb3537ad9f9e040e582-p_e.jpg,1.73
https://www.zillow.com/homedetails/1105-Simpson-St-1-Evanston-IL-60201/2082048980_zpid/,3,2,"1105 Simpson St #1, Evanston, IL 60201",3600,1200,https://photos.zillowstatic.com/fp/b1a2add9f785f23ff977182b26b3b4a4-p_e.jpg,0.574
https://www.zillow.com/homedetails/8933-Ewing-Ave-APT-1-Evanston-IL-60203/461183790_zpid/,1,1,"8933 Ewing Ave APT 1, Evanston, IL 60203",1450,900,"https://maps.googleapis.com/maps/api/staticmap?mobile=false&sensor=true&maptype=satellite&size=575x242&zoom=17&center=42.0437126159668,-87.71202850341797&key=AIzaSyBWYJWCA8FNMQvSe_k3LKfDGJaEgdKwsco&signature=kstJuESnGLuT06o57GtgJqyl4zs=",2.129
https://www.zillow.com/homedetails/1410-Central-St-APT-3W-Evanston-IL-60201/2101893087_zpid/,2,1,"1410 Central St APT 3W, Evanston, IL 60201",2300,1000,https://photos.zillowstatic.com/fp/9b148492706586a82c518a7c016fa905-p_e.jpg,0.927
https://www.zillow.com/homedetails/1228-Forest-Ave-3-Evanston-IL-60202/2106599718_zpid/,3,2,"1228 Forest Ave #3, Evanston, IL 60202",3750,2200,https://photos.zillowstatic.com/fp/2aaa89d01ab6775d8b13a8b0a77b083e-p_e.jpg,1.222
https://www.zillow.com/homedetails/835-Seward-St-APT-L1-Evanston-IL-60202/462881983_zpid/,2,1,"835 Seward St APT L1, Evanston, IL 60202",2289,,https://photos.zillowstatic.com/fp/decfb87a8cccbe1975211203c0af505e-p_e.jpg,2.039
https://www.zillow.com/homedetails/1918-Maple-Ave-SUITE-2-Evanston-IL-60201/2067786176_zpid/,3,2,"1918 Maple Ave Suite 2, Evanston, IL 60201",4500,1800,https://photos.zillowstatic.com/fp/db13a1404d21a43b52ec444371827deb-p_e.jpg,0.612
https://www.zillow.com/homedetails/817-Chicago-Ave-APT-1-Evanston-IL-60202/2146370977_zpid/,3,3,"817 Chicago Ave APT 1, Evanston, IL 60202",3650,2400,https://photos.zillowstatic.com/fp/1f46d1753188b2699c05a781121761d9-p_e.jpg,1.739
https://www.zillow.com/homedetails/2501-Green-Bay-Rd-403-A-Evanston-IL-60201/462710224_zpid/,3,2,"2501 Green Bay Rd #403-A, Evanston, IL 60201",3595,1400,https://photos.zillowstatic.com/fp/eee05e7431cf85db0dc364d347aefcfa-p_e.jpg,1.186
https://www.zillow.com/homedetails/711-Emerson-St-2-Evanston-IL-60201/446670090_zpid/,4,2,"711 Emerson St #2, Evanston, IL 60201",5700,2100,https://photos.zillowstatic.com/fp/b2403ceb0d81ea53fb34cdc95d0e11b3-p_e.jpg,0.471
https://www.zillow.com/homedetails/1920-Maple-Ave-2-Evanston-IL-60201/2112001792_zpid/,4,2,"1920 Maple Ave #2, Evanston, IL 60201",5500,1000,https://photos.zillowstatic.com/fp/2b8e1989543f171c65aff3f6f9fc02ad-p_e.jpg,0.609
https://www.zillow.com/homedetails/807-Davis-St-UNIT-1307-Evanston-IL-60201/89905663_zpid/,2,2,"807 Davis St Unit 1307, Evanston, IL 60201",3950,1278,https://photos.zillowstatic.com/fp/bd07dc55f4c90107babbc1d36caaff77-p_e.jpg,0.8
https://www.zillow.com/homedetails/1516-Hinman-Ave-APT-103-Evanston-IL-60201/3564677_zpid/,1,1,"1516 Hinman Ave APT 103, Evanston, IL 60201",2175,600,https://photos.zillowstatic.com/fp/104a0a44b7e19ec23a0255992a3991ea-p_e.jpg,0.886
https://www.zillow.com/homedetails/608-Sherman-Ave-APT-1-Evanston-IL-60202/347898343_zpid/,2,1,"608 Sherman Ave APT 1, Evanston, IL 60202",2228,,https://photos.zillowstatic.com/fp/2487dc2e3a50f5e3b21327e4a77930a1-p_e.jpg,2.021
https://www.zillow.com/homedetails/232-Callan-Ave-APT-1-Evanston-IL-60202/2124169889_zpid/,3,2,"232 Callan Ave APT 1, Evanston, IL 60202",2995,1200,https://photos.zillowstatic.com/fp/44a6f12f4e6f14ec8d09fab48ac88aea-p_e.jpg,2.466
https://www.zillow.com/b/830-judson-ave-evanston-il-5XnCTP/,2,1,"830 Judson Ave, Evanston, IL",2795,,https://photos.zillowstatic.com/fp/87ca0f93520376e9e97853520f9b63ba-p_e.jpg,1.709
https://www.zillow.com/homedetails/2611-Walnut-Ave-APT-2-Evanston-IL-60201/2067430549_zpid/,2,2,"2611 Walnut Ave APT 2, Evanston, IL 60201",2600,1400,https://photos.zillowstatic.com/fp/1c2c10687115fa20c0a69a0a557287b5-p_e.jpg,1.581
https://www.zillow.com/homedetails/Evanston-IL-60202/454642964_zpid/,2,2,"(undisclosed Address), Evanston, IL 60202",2575,1540,https://photos.zillowstatic.com/fp/9ddcb32f816de4035c97e97c8bdd158b-p_e.jpg,
https://www.zillow.com/homedetails/2727-Central-St-APT-2N-Evanston-IL-60201/456931651_zpid/,2,2,"2727 Central St APT 2N, Evanston, IL 60201",1895,,https://photos.zillowstatic.com/fp/afa29cb28b2aaa59aa959827d354ecb6-p_e.jpg,1.949
https://www.zillow.com/b/2206-maple-ave-evanston-il-9Hw8VG/,0,1,"2206 Maple Ave, Evanston, IL",2299,,https://photos.zillowstatic.com/fp/35a60020c3d918cc3113e64423a51f53-p_e.jpg,0.503
https://www.zillow.com/b/2206-maple-ave-evanston-il-9Hw8VG/,2,1,"2206 Maple Ave, Evanston, IL",3400,,https://photos.zillowstatic.com/fp/35a60020c3d918cc3113e64423a51f53-p_e.jpg,0.503
https://www.zillow.com/b/2206-maple-ave-evanston-il-9Hw8VG/,3,1,"2206 Maple Ave, Evanston, IL",5250,,https://photos.zillowstatic.com/fp/35a60020c3d918cc3113e64423a51f53-p_e.jpg,0.503
https://www.zillow.com/b/2206-maple-ave-evanston-il-9Hw8VG/,4,1,"2206 Maple Ave, Evanston, IL",5750,,https://photos.zillowstatic.com/fp/35a60020c3d918cc3113e64423a51f53-p_e.jpg,0.503
https://www.zillow.com/homedetails/9054-Bennett-Ave-2-Evanston-IL-60203/2080518754_zpid/,3,2,"9054 Bennett Ave #2, Evanston, IL 60203",2200,1378,https://photos.zillowstatic.com/fp/a64dc4a85351293041b1ce00a5a47c6b-p_e.jpg,2.02
https://www.zillow.com/homedetails/9237-Lincolnwood-Dr-Evanston-IL-60203/3520500_zpid/,7,2,"9237 Lincolnwood Dr, Evanston, IL 60203",5995,2564,https://photos.zillowstatic.com/fp/5cc882cf2933c5b0483ccef127284c29-p_e.jpg,2.135
https://www.zillow.com/homedetails/1720-Oak-Ave-UNIT-201-Evanston-IL-60202/87707553_zpid/,2,2,"1720 Oak Ave Unit 201, Evanston, IL 60202",4000,1323,https://photos.zillowstatic.com/fp/c40df274bf7896fe56f6c7bdec292dc0-p_e.jpg,1.508
https://www.zillow.com/b/1700-hinman-ave-evanston-il-5Xt8VK/,3,1,"1700 Hinman Ave, Evanston, IL",3400,,https://photos.zillowstatic.com/fp/082d8d3c6d94f2a42c49e1ed372bb658-p_e.jpg,0.715
https://www.zillow.com/b/1700-hinman-ave-evanston-il-5Xt8VK/,4,1,"1700 Hinman Ave, Evanston, IL",3400,,https://photos.zillowstatic.com/fp/082d8d3c6d94f2a42c49e1ed372bb658-p_e.jpg,0.715
https://www.zillow.com/homedetails/1916-Maple-Ave-UNIT-2-Evanston-IL-60201/2061569424_zpid/,3,2,"1916 Maple Ave Unit 2, Evanston, IL 60201",4200,1400,https://photos.zillowstatic.com/fp/0537bdd54b7cddd5bf63dab9fb8fbf4b-p_e.jpg,0.616
https://www.zillow.com/homedetails/1226-Sherman-Ave-APT-1S-Evanston-IL-60202/462880750_zpid/,1,1,"1226 Sherman Ave APT 1S, Evanston, IL 60202",1595,750,https://photos.zillowstatic.com/fp/bd6b4630281272ddf3d535a2b4767084-p_e.jpg,1.264
https://www.zillow.com/homedetails/2141-Dobson-St-Evanston-IL-60202/3542148_zpid/,3,2,"2141 Dobson St, Evanston, IL 60202",3250,1700,https://photos.zillowstatic.com/fp/e64d3b0ccb79babc6ef74826d5b6f590-p_e.jpg,2.98
https://www.zillow.com/homedetails/522-Greenwood-St-GE-Evanston-IL-60201/462156900_zpid/,1,1,"522 Greenwood St #Ge, Evanston, IL 60201",2195,850,https://photos.zillowstatic.com/fp/04be28e9e490d3d9da533daf28deb270-p_e.jpg,1.102
https://www.zillow.com/b/630-church-st-evanston-il-9HwBfT/,4,1,"630 Church St, Evanston, IL",3300,,https://photos.zillowstatic.com/fp/27d99db9aa220afbae3d163867025b68-p_e.jpg,0.734
"https://www.zillow.com/b/building/42.057144,-87.6859_ll/",2,1,"2147 Ridge Ave, Evanston, IL",2650,,https://photos.zillowstatic.com/fp/ea511d6df97fe51e6fe63ec8722c1d07-p_e.jpg,0.551
"https://www.zillow.com/b/building/42.057144,-87.6859_ll/",4,1,"2147 Ridge Ave, Evanston, IL",4400,,https://photos.zillowstatic.com/fp/ea511d6df97fe51e6fe63ec8722c1d07-p_e.jpg,0.551
https://www.zillow.com/homedetails/618-1-2-Church-St-Evanston-IL-60201/2075348428_zpid/,3,1,"618 1/2 Church St, Evanston, IL 60201",2700,,https://photos.zillowstatic.com/fp/81923c7061f179f0d5955d1d957b71f1-p_e.jpg,1.781
https://www.zillow.com/homedetails/1111-Church-St-APT-404-Evanston-IL-60201/3563876_zpid/,2,2,"1111 Church St APT 404, Evanston, IL 60201",2650,1106,https://photos.zillowstatic.com/fp/77027404db132b0e370e26b649fbfb5b-p_e.jpg,0.888
https://www.zillow.com/homedetails/2114-Maple-Ave-UNIT-2-Evanston-IL-60201/461660181_zpid/,3,1,"2114 Maple Ave Unit 2, Evanston, IL 60201",3100,,https://photos.zillowstatic.com/fp/301b743fd5436a6dfae56907d82583d0-p_e.jpg,0.519
https://www.zillow.com/homedetails/2725-27-Central-St-2N-Evanston-IL-60201/455235220_zpid/,1,1,"2725-27 Central St #2N, Evanston, IL 60201",1695,800,https://photos.zillowstatic.com/fp/89262a61559d73b928c94756f35b584f-p_e.jpg,2.597
https://www.zillow.com/homedetails/1229-Leon-Pl-2-Evanston-IL-60201/2097700105_zpid/,3,1,"1229 Leon Pl #2, Evanston, IL 60201",3150,1000,https://photos.zillowstatic.com/fp/e30b07940fc2c1aa628bd0fedf746931-p_e.jpg,0.712
https://www.zillow.com/homedetails/802-Dobson-St-APT-3-Evanston-IL-60202/65556752_zpid/,2,1,"802 Dobson St APT 3, Evanston, IL 60202",2200,1200,https://photos.zillowstatic.com/fp/be0e8d67fa2760a4ba0d4899e37c25f1-p_e.jpg,2.639
https://www.zillow.com/homedetails/1327-Church-St-CH-Evanston-IL-60201/449404474_zpid/,2,1,"1327 Church St #Ch, Evanston, IL 60201",2300,,https://photos.zillowstatic.com/fp/695d44a603a57faf3070148b1d5a6750-p_e.jpg,1.039
https://www.zillow.com/homedetails/2311-Lake-St-Evanston-IL-60201/3518799_zpid/,2,1,"2311 Lake St, Evanston, IL 60201",2700,1200,https://photos.zillowstatic.com/fp/99c5ff3df664be680e6cdb52072f28c8-p_e.jpg,1.83
https://www.zillow.com/homedetails/Evanston-IL-60202/461583555_zpid/,2,2,"(undisclosed Address), Evanston, IL 60202",1850,1200,https://photos.zillowstatic.com/fp/0b194bc845456577e201623191bb7c75-p_e.jpg,
https://www.zillow.com/homedetails/2404-Ridge-Ave-Evanston-IL-60201/2128610357_zpid/,1,2,"2404 Ridge Ave, Evanston, IL 60201",4900,,https://photos.zillowstatic.com/fp/1704eac8108b04285b2382a3e9892c79-p_e.jpg,0.566
https://www.zillow.com/homedetails/801-Seward-St-APT-3-Evanston-IL-60202/2057908318_zpid/,3,1,"801 Seward St APT 3, Evanston, IL 60202",2610,1100,https://photos.zillowstatic.com/fp/3e60c6f5e98b552edfc8907ac103c6b7-p_e.jpg,2.025
https://www.zillow.com/homedetails/1112-Garnett-Pl-UNIT-1-Evanston-IL-60201/460537395_zpid/,4,2,"1112 Garnett Pl Unit 1, Evanston, IL 60201",4350,1200,https://photos.zillowstatic.com/fp/75c952476e61f80567bcf9709fef8668-p_e.jpg,0.69
https://www.zillow.com/homedetails/1637-Orrington-Ave-203-Evanston-IL-60201/448390445_zpid/,2,1,"1637 Orrington Ave #203, Evanston, IL 60201",1877,450,https://photos.zillowstatic.com/fp/6c160d203caa3f15018a6efc914b3b90-p_e.jpg,0.746
https://www.zillow.com/homedetails/718-Simpson-St-3W-Evanston-IL-60201/460591804_zpid/,3,1,"718 Simpson St #3W, Evanston, IL 60201",3235,,https://photos.zillowstatic.com/fp/3993dfb780d17005f2f7df05c13234e6-p_e.jpg,0.341
https://www.zillow.com/homedetails/729-Seward-St-APT-1C-Evanston-IL-60202/462007555_zpid/,2,1,"729 Seward St APT 1C, Evanston, IL 60202",1895,,https://photos.zillowstatic.com/fp/0f378c01e9e30567fd59b178ce6d7826-p_e.jpg,2.018
https://www.zillow.com/homedetails/1932-Maple-Ave-APT-A1-Evanston-IL-60201/2098849903_zpid/,3,1,"1932 Maple Ave APT A1, Evanston, IL 60201",3350,,https://photos.zillowstatic.com/fp/87dd534ace0b71766f378c0b602148d9-p_e.jpg,0.591
https://www.zillow.com/homedetails/1726-Sherman-Ave-APT-2-Evanston-IL-60201/462431806_zpid/,1,1,"1726 Sherman Ave APT 2, Evanston, IL 60201",1500,700,"https://maps.googleapis.com/maps/api/staticmap?mobile=false&sensor=true&maptype=satellite&size=575x242&zoom=17&center=42.049415588378906,-87.68207550048828&key=AIzaSyBWYJWCA8FNMQvSe_k3LKfDGJaEgdKwsco&signature=B6Z0LRwSnjO_sQ4LiPdR4R_U12I=",0.684
"https://www.zillow.com/b/building/42.052975,-87.681175_ll/",2,1,"1927 Sherman Ave, Evanston, IL",3150,,https://photos.zillowstatic.com/fp/5fda7dc436f8597b17e9214caa85c18e-p_e.jpg,0.458
https://www.zillow.com/homedetails/907-Washington-St-1A-Evanston-IL-60202/2071905945_zpid/,2,1,"907 Washington St #1A, Evanston, IL 60202",1745,1000,https://photos.zillowstatic.com/fp/02c5f7970e240361d5ecc116a375f445-p_e.jpg,1.776
https://www.zillow.com/apartments/evanston-il/2500-green-bay/5ZndwH/,2,1,"2500 Green Bay Rd, Evanston, IL",3095,,https://photos.zillowstatic.com/fp/cebc8d380569be020bec347508fe7a79-p_e.jpg,1.211
https://www.zillow.com/apartments/evanston-il/2500-green-bay/5ZndwH/,3,1,"2500 Green Bay Rd, Evanston, IL",3595,,https://photos.zillowstatic.com/fp/cebc8d380569be020bec347508fe7a79-p_e.jpg,1.211
https://www.zillow.com/homedetails/1121-Leonard-Pl-3-Evanston-IL-60201/2072184493_zpid/,2,1,"1121 Leonard Pl #3, Evanston, IL 60201",2599,1000,https://photos.zillowstatic.com/fp/a44b15773bfdb87dab3d57fd15e4fa22-p_e.jpg,0.619
https://www.zillow.com/homedetails/1512-Mulford-St-Evanston-IL-60202/3542620_zpid/,3,2,"1512 Mulford St, Evanston, IL 60202",3500,,https://photos.zillowstatic.com/fp/505d5c192d70cca0bc4d4db7c562cbf0-p_e.jpg,2.609
https://www.zillow.com/b/312-20-lee-st-evanston-il-CkJzRn/,2,1,"312-20 Lee St, Evanston, IL",2445,,https://photos.zillowstatic.com/fp/07fb4fe1fc3ca390280d0da9e76f4abf-p_e.jpg,1.983
https://www.zillow.com/homedetails/228-Callan-Ave-Evanston-IL-60202/2093957983_zpid/,2,1,"228 Callan Ave, Evanston, IL 60202",2090,,https://photos.zillowstatic.com/fp/34d95be128a6e0ecf1a8aa028eed4cad-p_e.jpg,2.472
https://www.zillow.com/homedetails/325-Kedzie-St-805-3-Evanston-IL-60202/462769973_zpid/,2,1,"325 Kedzie St #805-3, Evanston, IL 60202",2270,,https://photos.zillowstatic.com/fp/b002c24673a672a716962dd04a6732ed-p_e.jpg,1.759
https://www.zillow.com/homedetails/1009-Greenleaf-St-APT-1W-Evanston-IL-60202/3565162_zpid/,1,1,"1009 Greenleaf St APT 1W, Evanston, IL 60202",2000,,https://photos.zillowstatic.com/fp/22a62504eca14291f8ff4002d99ce397-p_e.jpg,1.488
https://www.zillow.com/apartments/evanston-il/1001-davis-apartments/Cr6R58/,2,1,"1001 Davis Apartments, 1001 Davis St #1003-4, Evanston, IL 60201",1970,1000,"https://maps.googleapis.com/maps/api/staticmap?mobile=false&sensor=true&maptype=satellite&size=575x242&zoom=17&center=42.04730224609375,-87.68523406982422&key=AIzaSyBWYJWCA8FNMQvSe_k3LKfDGJaEgdKwsco&signature=kdPlqKok_D3ebq8NYw22ytjwUMg=",0.895
https://www.zillow.com/homedetails/Evanston-IL-60202/2060160305_zpid/,3,2,"(undisclosed Address), Evanston, IL 60202",6000,2000,https://photos.zillowstatic.com/fp/1b97dbf4abcecfbd8870b3fca286ba88-p_e.jpg,
https://www.zillow.com/homedetails/Evanston-IL-60202/2098489878_zpid/,3,1,"(undisclosed Address), Evanston, IL 60202",5500,1640,https://photos.zillowstatic.com/fp/5ca3dd2d88c24218e15e6f9ca20d3c32-p_e.jpg,
https://www.zillow.com/homedetails/1921-Grey-Ave-APT-1-Evanston-IL-60201/2093289652_zpid/,3,1,"1921 Grey Ave APT 1, Evanston, IL 60201",2850,,https://photos.zillowstatic.com/fp/88c15ea158d59347cb6c9876575fb2c9-p_e.jpg,1.396
https://www.zillow.com/homedetails/2140-Dobson-St-Evanston-IL-60202/3542198_zpid/,3,2,"2140 Dobson St, Evanston, IL 60202",3100,,https://photos.zillowstatic.com/fp/3f5d64b5321f29b5632c65c3c24d6ffa-p_e.jpg,3.013
https://www.zillow.com/homedetails/723-Dobson-St-APT-1-Evanston-IL-60202/2113408423_zpid/,3,2,"723 Dobson St APT 1, Evanston, IL 60202",2900,1700,https://photos.zillowstatic.com/fp/2897fcf971ad637e6f2b51cf1a083b37-p_e.jpg,2.6
https://www.zillow.com/apartments/evanston-il/1024-noyes-st./5Yy68q/,2,1,"1024 Noyes St, Evanston, IL",2000,,https://photos.zillowstatic.com/fp/07d95671f95a1fbeb9d67dd9b7a86527-p_e.jpg,0.529
https://www.zillow.com/apartments/evanston-il/1024-noyes-st./5Yy68q/,3,1,"1024 Noyes St, Evanston, IL",3300,,https://photos.zillowstatic.com/fp/07d95671f95a1fbeb9d67dd9b7a86527-p_e.jpg,0.529
https://www.zillow.com/homedetails/2750-Hampton-Pkwy-APT-P3-Evanston-IL-60201/63689764_zpid/,1,1,"2750 Hampton Pkwy APT P3, Evanston, IL 60201",1695,779,https://photos.zillowstatic.com/fp/f4b314d2455d20b8c6afeaed73fc0879-p_e.jpg,1.068
https://www.zillow.com/b/2766-hampton-pkwy-evanston-il-5XjZ2y/,1,1,"2766 Hampton Pkwy, Evanston, IL",1695,,https://photos.zillowstatic.com/fp/d4aacbd020d57365428f1d17ed11c5d8-p_e.jpg,1.089
https://www.zillow.com/b/2766-hampton-pkwy-evanston-il-5XjZ2y/,2,1,"2766 Hampton Pkwy, Evanston, IL",2540,,https://photos.zillowstatic.com/fp/d4aacbd020d57365428f1d17ed11c5d8-p_e.jpg,1.089
"https://www.zillow.com/b/building/42.06814,-87.691_ll/",1,1,"2752 Hampton Pkwy, Evanston, IL",2490,,https://photos.zillowstatic.com/fp/f4751b7d3619d7e341697c944bbded61-p_e.jpg,1.076
"https://www.zillow.com/b/building/42.06814,-87.691_ll/",2,1,"2752 Hampton Pkwy, Evanston, IL",1630,,https://photos.zillowstatic.com/fp/f4751b7d3619d7e341697c944bbded61-p_e.jpg,1.076
https://www.zillow.com/homedetails/1618-Payne-St-Evanston-IL-60201/2078010114_zpid/,2,1,"1618 Payne St, Evanston, IL 60201",2195,1574,https://photos.zillowstatic.com/fp/2cec061c590cead2da8fb5ad02976741-p_e.jpg,1.019
https://www.zillow.com/apartments/evanston-il/1936-wesley/5Zq2h5/,3,1,"1936 Wesley, 1936 Wesley Ave APT 1B, Evanston, IL 60201",2100,905,https://photos.zillowstatic.com/fp/345faf6c4b7391093cf9a9dd2c641d73-p_e.jpg,0.905
https://www.zillow.com/homedetails/835-Judson-Ave-APT-101-Evanston-IL-60202/3566830_zpid/,2,2,"835 Judson Ave APT 101, Evanston, IL 60202",2095,1100,https://photos.zillowstatic.com/fp/4b700562b8da922b04d9676df2fadf0a-p_e.jpg,1.707
https://www.zillow.com/homedetails/2608-Bennett-Ave-APT-3W-Evanston-IL-60201/462415950_zpid/,2,1,"2608 Bennett Ave APT 3W, Evanston, IL 60201",2400,1150,https://photos.zillowstatic.com/fp/94297b2f6119623af5f0b51acf8c99ce-p_e.jpg,1.903
https://www.zillow.com/apartments/evanston-il/823-hamlin/Cr6KVD/,3,2,"823 Hamlin, 823 Hamlin St, Evanston, IL 60201",4250,,https://photos.zillowstatic.com/fp/d8d5b8bab85832b284f4851f0076f786-p_e.jpg,0.432
https://www.zillow.com/apartments/evanston-il/2018-pratt/Cr6KVC/,5,2,"2018 Pratt, 2018 Pratt Ct, Evanston, IL 60201",5350,1522,https://photos.zillowstatic.com/fp/0955d3cda8bc2aac99e58b9c5269cdac-p_e.jpg,0.608
https://www.zillow.com/homedetails/1121-Leonard-Pl-APT-2-Evanston-IL-60201/348745666_zpid/,3,1,"1121 Leonard Pl APT 2, Evanston, IL 60201",3950,1350,https://photos.zillowstatic.com/fp/f3cb4ee258d6c88b10b3c373581c2c20-p_e.jpg,0.619
https://www.zillow.com/homedetails/822-Seward-St-APT-3B-Evanston-IL-60202/60260908_zpid/,2,1,"822 Seward St APT 3B, Evanston, IL 60202",1950,,https://photos.zillowstatic.com/fp/9e2f60b962a416cf424aa0e9a6b10cdb-p_e.jpg,2.074
https://www.zillow.com/homedetails/2157-Ridge-Ave-APT-1A-Evanston-IL-60201/2081951543_zpid/,4,2,"2157 Ridge Ave APT 1A, Evanston, IL 60201",3250,,https://photos.zillowstatic.com/fp/6d21ce4d71cd74ce1350e98193a909ae-p_e.jpg,0.54
https://www.zillow.com/homedetails/802-Dempster-St-APT-1A-Evanston-IL-60202/2100087264_zpid/,1,1,"802 Dempster St APT 1A, Evanston, IL 60202",1600,525,https://photos.zillowstatic.com/fp/46df6ddb511ec5226151f4eaf707199b-p_e.jpg,1.226
https://www.zillow.com/apartments/evanston-il/304-*2113-15-darrow-building*/BXtB7f/,2,1,"304 - *2113-15 Darrow Building*, 2113-15 Darrow Ave #20600401, Evanston, IL 60201",1750,720,https://photos.zillowstatic.com/fp/af3ac24b36aad4527563971f17b523b5-p_e.jpg,1.452
https://www.zillow.com/homedetails/818-Noyes-St-APT-1C-Evanston-IL-60201/456064152_zpid/,2,1,"818 Noyes St APT 1C, Evanston, IL 60201",1670,,https://photos.zillowstatic.com/fp/ff440e33fe9c78c6ae536dd0e039df08-p_e.jpg,0.38
https://www.zillow.com/apartments/evanston-il/352-*sharff-apartments*/5fvsrs/,2,1,"352 - *Sharff Apartments*, 419 Ridge Ave #L, Evanston, IL 60202",1945,1000,https://photos.zillowstatic.com/fp/cf50c28d961c68ff045228c9eab1eaf8-p_e.jpg,2.28
https://www.zillow.com/apartments/evanston-il/816-simpson-st/5YC9qK/,2,1,"164 - 816 Simpson Street*, 816 Simpson St #17978576, Evanston, IL 60201",1900,,https://photos.zillowstatic.com/fp/79ac277b3ac44ebdf797e09d4fb723ab-p_e.jpg,0.415
https://www.zillow.com/homedetails/811-Dobson-St-APT-1E-Evanston-IL-60202/2122652574_zpid/,2,1,"811 Dobson St APT 1E, Evanston, IL 60202",2195,1800,https://photos.zillowstatic.com/fp/8b22f0b7922506351bc868971627e614-p_e.jpg,2.612
https://www.zillow.com/homedetails/1838-Ashland-Ave-APT-1F-Evanston-IL-60201/2119252882_zpid/,2,1,"1838 Ashland Ave APT 1F, Evanston, IL 60201",2100,900,https://photos.zillowstatic.com/fp/ddb1090fa392f26fc182761bb6486d9f-p_e.jpg,1.048
https://www.zillow.com/homedetails/Evanston-IL-60202/3567608_zpid/,2,1,"(undisclosed Address), Evanston, IL 60202",1900,900,https://photos.zillowstatic.com/fp/56ec453a04428b1de024a52266ab25bb-p_e.jpg,
https://www.zillow.com/homedetails/2742-Hampton-Pkwy-APT-K2-Evanston-IL-60201/63689762_zpid/,1,1,"2742 Hampton Pkwy APT K2, Evanston, IL 60201",1200,541,https://photos.zillowstatic.com/fp/27815eea57e731c90b13df41930d5a33-p_e.jpg,1.064
https://www.zillow.com/apartments/evanston-il/361-*2620-central-street-llc*/5fvqny/,2,1,"2620 Central St, Evanston, IL",2095,,https://photos.zillowstatic.com/fp/e4999c8178e963d7f6a523dd4fb3a2c5-p_e.jpg,1.837
https://www.zillow.com/apartments/evanston-il/361-*2620-central-street-llc*/5fvqny/,3,1,"2620 Central St, Evanston, IL",2850,,https://photos.zillowstatic.com/fp/e4999c8178e963d7f6a523dd4fb3a2c5-p_e.jpg,1.837
https://www.zillow.com/apartments/evanston-il/907-washington/5XjZnJ/,2,1,"907 Washington St, Evanston, IL",1745,,"https://maps.googleapis.com/maps/api/staticmap?mobile=false&sensor=true&maptype=satellite&size=575x242&zoom=17&center=42.03313064575195,-87.68445587158203&key=AIzaSyBWYJWCA8FNMQvSe_k3LKfDGJaEgdKwsco&signature=jUCvxz042guypdJnzrxQqqke3GE=",1.776
https://www.zillow.com/apartments/evanston-il/1575-oak/5XjMVf/,0,1,"1575 Oak, 1575 Oak Ave APT 68, Evanston, IL 60201",1475,,https://photos.zillowstatic.com/fp/784b46c0bcdf9999fc958065d38ed3cd-p_e.jpg,0.979
https://www.zillow.com/apartments/evanston-il/1806-12-central/9Hw7Nr/,0,1,"1806-12 Central, 1806 Central St #9, Evanston, IL 60201",1395,450,https://photos.zillowstatic.com/fp/d496f46f443a9b77766a391bb1886b68-p_e.jpg,1.23
https://www.zillow.com/apartments/evanston-il/2600-10-eastwood-ave/CnhWFY/,0,1,"2600-10 Eastwood Ave, Evanston, IL",1295,,https://photos.zillowstatic.com/fp/f5ad2d5af1c029999d52c53052c1357a-p_e.jpg,1.155
https://www.zillow.com/apartments/evanston-il/941-chicago/Cjf6vn/,1,1,"941 Chicago, 941 Chicago Ave #Ed0a1eb81, Evanston, IL 60202",1595,,https://photos.zillowstatic.com/fp/ed055808f02a084c1ed3ca80ad292a09-p_e.jpg,1.568
https://www.zillow.com/apartments/evanston-il/725-washington-st/CrVKHv/,0,1,"725 Washington St, 725 Washington St APT 204, Evanston, IL 60202",1245,350,https://photos.zillowstatic.com/fp/1c6b8132636ff29f693e06833cc04058-p_e.jpg,1.745
https://www.zillow.com/apartments/evanston-il/2306-central/BNgTxz/,1,1,"2306 Central, 2306-12 Central St #2306-3N, Evanston, IL 60201",1625,700,https://photos.zillowstatic.com/fp/e670bf9d3fc881f8a2c92bb2f7aea8d4-p_e.jpg,1.604
https://www.zillow.com/apartments/evanston-il/2605-prairie-1903-1911-central/5XjXxc/,0,1,"2605 Prairie/1903- 1911 Central, 1903 Central St #E436e6850, Evanston, IL 60201",1195,494,https://photos.zillowstatic.com/fp/ae66e64d0f6a6ba49974a034071d68c4-p_e.jpg,1.31
https://www.zillow.com/apartments/evanston-il/493-sheridan-rd/5XmqsY/,3,4,"493 Sheridan Rd, 493 Sheridan Rd APT 201, Evanston, IL 60202",4250,2550,https://photos.zillowstatic.com/fp/c78ce4d8d119f9971fc0f1fc42ae2412-p_e.jpg,2.123
https://www.zillow.com/homedetails/Evanston-IL-60201/463125511_zpid/,3,2,"(undisclosed Address), Evanston, IL 60201",3450,1600,https://photos.zillowstatic.com/fp/22dbf10a60b6e3380499fc301c1e85e0-p_e.jpg,
https://www.zillow.com/apartments/evanston-il/541-hinman/5XjKCJ/,1,1,"541 Hinman, 541 Hinman Ave APT G1, Evanston, IL 60202",1635,1000,https://photos.zillowstatic.com/fp/234ac68f2acba9f1ef36e4e7eacc0222-p_e.jpg,2.059
https://www.zillow.com/apartments/evanston-il/801-dobson/Ck39XS/,1,1,"801 Dobson St, Evanston, IL",1600,,https://photos.zillowstatic.com/fp/c74ce47ffdc791cad9d0bce6e3d4b835-p_e.jpg,2.61
https://www.zillow.com/apartments/evanston-il/801-dobson/Ck39XS/,2,1,"801 Dobson St, Evanston, IL",1925,,https://photos.zillowstatic.com/fp/c74ce47ffdc791cad9d0bce6e3d4b835-p_e.jpg,2.61
https://www.zillow.com/apartments/evanston-il/1025-dempster-st/CgxJJ2/,1,1,"1025 Dempster St, 1025 Dempster St #0bc052e88, Evanston, IL 60201",1795,,https://photos.zillowstatic.com/fp/62e7de8e8db399971e1165cad139a425-p_e.jpg,1.256
https://www.zillow.com/apartments/evanston-il/2527-jackson/5XjMKy/,1,1,"2527 Jackson, 2527 Jackson Ave, Evanston, IL 60201",1495,590,https://photos.zillowstatic.com/fp/64f905ef6b5ab69571ebd076063e7124-p_e.jpg,0.951
https://www.zillow.com/apartments/evanston-il/2525-37-eastwood/BmKQDT/,2,1,"2525-37 Eastwood, 2525-37 Eastwood Ave #2B, Evanston, IL 60201",1795,750,https://photos.zillowstatic.com/fp/81134b4ecb33365201d30ed5d95692c2-p_e.jpg,1.116
https://www.zillow.com/apartments/evanston-il/the-gem-museum-suites/Cjn8fB/,1,1,"The GEM Museum Suites, 1555 Oak Ave #55b585941, Evanston, IL 60201",2500,,https://photos.zillowstatic.com/fp/9c863ac86dc08d923b4ba835105ed8a6-p_e.jpg,0.994
https://www.zillow.com/apartments/evanston-il/amli-evanston/5Xk3zW/,1,1,"737 Chicago Ave, Evanston, IL",2548,,https://photos.zillowstatic.com/fp/94c2592274c5512c633db70c364386fc-p_e.jpg,1.832
https://www.zillow.com/apartments/evanston-il/amli-evanston/5Xk3zW/,2,1,"737 Chicago Ave, Evanston, IL",3273,,https://photos.zillowstatic.com/fp/94c2592274c5512c633db70c364386fc-p_e.jpg,1.832
https://www.zillow.com/apartments/evanston-il/the-park-evanston/5Xj9yQ/,0,1,"1630 Chicago Ave, Evanston, IL",2467,,https://photos.zillowstatic.com/fp/b4e95d5e02a5f1f896ac3a99768ad372-p_e.jpg,0.784
https://www.zillow.com/apartments/evanston-il/the-park-evanston/5Xj9yQ/,1,1,"1630 Chicago Ave, Evanston, IL",2746,,https://photos.zillowstatic.com/fp/b4e95d5e02a5f1f896ac3a99768ad372-p_e.jpg,0.784
https://www.zillow.com/apartments/evanston-il/the-park-evanston/5Xj9yQ/,2,1,"1630 Chicago Ave, Evanston, IL",3800,,https://photos.zillowstatic.com/fp/b4e95d5e02a5f1f896ac3a99768ad372-p_e.jpg,0.784
https://www.zillow.com/apartments/evanston-il/1717-evanston/5XkjCw/,0,1,"1717 Ridge Ave, Evanston, IL",2426,,https://photos.zillowstatic.com/fp/dc741ff1cbba7dfeb8da33cebba2a98f-p_e.jpg,0.885
https://www.zillow.com/apartments/evanston-il/1717-evanston/5XkjCw/,1,1,"1717 Ridge Ave, Evanston, IL",2605,,https://photos.zillowstatic.com/fp/dc741ff1cbba7dfeb8da33cebba2a98f-p_e.jpg,0.885
https://www.zillow.com/apartments/evanston-il/1717-evanston/5XkjCw/,2,1,"1717 Ridge Ave, Evanston, IL",3776,,https://photos.zillowstatic.com/fp/dc741ff1cbba7dfeb8da33cebba2a98f-p_e.jpg,0.885
https://www.zillow.com/apartments/evanston-il/1717-evanston/5XkjCw/,3,1,"1717 Ridge Ave, Evanston, IL",4896,,https://photos.zillowstatic.com/fp/dc741ff1cbba7dfeb8da33cebba2a98f-p_e.jpg,0.885
https://www.zillow.com/apartments/evanston-il/central-station/5XkmZp/,0,1,"1720 Central St, Evanston, IL",2505,,https://photos.zillowstatic.com/fp/76b9b748912a634a206efbfa3f8ab4f5-p_e.jpg,1.189
https://www.zillow.com/apartments/evanston-il/central-station/5XkmZp/,1,1,"1720 Central St, Evanston, IL",2875,,https://photos.zillowstatic.com/fp/76b9b748912a634a206efbfa3f8ab4f5-p_e.jpg,1.189
https://www.zillow.com/apartments/evanston-il/central-station/5XkmZp/,2,1,"1720 Central St, Evanston, IL",4034,,https://photos.zillowstatic.com/fp/76b9b748912a634a206efbfa3f8ab4f5-p_e.jpg,1.189
https://www.zillow.com/apartments/evanston-il/1420-chicago/5XqzkH/,3,2,"1420 Chicago, 1420 Chicago Ave APT 2A, Evanston, IL 60201",3395,,https://photos.zillowstatic.com/fp/a29bd2b1f2aeee69b3527bf733c7cd4b-p_e.jpg,1.044
https://www.zillow.com/b/1706-sherman-ave.-evanston-il-CjhL74/,0,1,"1706 Sherman Ave, Evanston, IL",2500,,https://photos.zillowstatic.com/fp/c0b978378f0bd2d4901e07c2fee7a578-p_e.jpg,0.715
https://www.zillow.com/b/1706-sherman-ave.-evanston-il-CjhL74/,1,1,"1706 Sherman Ave, Evanston, IL",2700,,https://photos.zillowstatic.com/fp/c0b978378f0bd2d4901e07c2fee7a578-p_e.jpg,0.715
https://www.zillow.com/b/1706-sherman-ave.-evanston-il-CjhL74/,2,1,"1706 Sherman Ave, Evanston, IL",4300,,https://photos.zillowstatic.com/fp/c0b978378f0bd2d4901e07c2fee7a578-p_e.jpg,0.715
https://www.zillow.com/b/1706-sherman-ave.-evanston-il-CjhL74/,3,1,"1706 Sherman Ave, Evanston, IL",5100,,https://photos.zillowstatic.com/fp/c0b978378f0bd2d4901e07c2fee7a578-p_e.jpg,0.715
https://www.zillow.com/apartments/evanston-il/550-sheridan-square/5hJ47z/,1,1,"550 Sheridan Sq, Evanston, IL",3250,,https://photos.zillowstatic.com/fp/432a52427d65a0b5a9087d0edb0df124-p_e.jpg,2.083
https://www.zillow.com/apartments/evanston-il/550-sheridan-square/5hJ47z/,2,1,"550 Sheridan Sq, Evanston, IL",4250,,https://photos.zillowstatic.com/fp/432a52427d65a0b5a9087d0edb0df124-p_e.jpg,2.083
https://www.zillow.com/apartments/evanston-il/1009-davis/CkBTbH/,0,1,"1009 Davis St, Evanston, IL",1450,,https://photos.zillowstatic.com/fp/397463bfecb9440eb2623e117df7f9f1-p_e.jpg,0.903
https://www.zillow.com/apartments/evanston-il/1009-davis/CkBTbH/,1,1,"1009 Davis St, Evanston, IL",1475,,https://photos.zillowstatic.com/fp/397463bfecb9440eb2623e117df7f9f1-p_e.jpg,0.903
https://www.zillow.com/apartments/evanston-il/carlson-building/CrkcWF/,0,1,"620 Church St, Evanston, IL",1200,,https://photos.zillowstatic.com/fp/00d69bead5275451c134be912f97d598-p_e.jpg,0.734
https://www.zillow.com/apartments/evanston-il/carlson-building/CrkcWF/,2,1,"620 Church St, Evanston, IL",1630,,https://photos.zillowstatic.com/fp/00d69bead5275451c134be912f97d598-p_e.jpg,0.734
https://www.zillow.com/apartments/evanston-il/carlson-building/CrkcWF/,3,1,"620 Church St, Evanston, IL",2700,,https://photos.zillowstatic.com/fp/00d69bead5275451c134be912f97d598-p_e.jpg,0.734
https://www.zillow.com/apartments/evanston-il/carlson-building/CrkcWF/,4,1,"620 Church St, Evanston, IL",3300,,https://photos.zillowstatic.com/fp/00d69bead5275451c134be912f97d598-p_e.jpg,0.734
https://www.zillow.com/apartments/evanston-il/evanston-place/5XjCsW/,0,1,"1715 Chicago Ave, Evanston, IL",2465,,https://photos.zillowstatic.com/fp/388a1a213cbaca64589fa9e12cce184a-p_e.jpg,0.667
https://www.zillow.com/apartments/evanston-il/evanston-place/5XjCsW/,1,1,"1715 Chicago Ave, Evanston, IL",2469,,https://photos.zillowstatic.com/fp/388a1a213cbaca64589fa9e12cce184a-p_e.jpg,0.667
https://www.zillow.com/apartments/evanston-il/evanston-place/5XjCsW/,2,1,"1715 Chicago Ave, Evanston, IL",3390,,https://photos.zillowstatic.com/fp/388a1a213cbaca64589fa9e12cce184a-p_e.jpg,0.667
https://www.zillow.com/apartments/evanston-il/evanston-place/5XjCsW/,3,1,"1715 Chicago Ave, Evanston, IL",5472,,https://photos.zillowstatic.com/fp/388a1a213cbaca64589fa9e12cce184a-p_e.jpg,0.667
https://www.zillow.com/apartments/evanston-il/temple-lofts/CqxffC/,1,1,"1453 Maple Ave, Evanston, IL",3395,,https://photos.zillowstatic.com/fp/29237a0585893f8215474b8cb729d278-p_e.jpg,1.055
https://www.zillow.com/apartments/evanston-il/temple-lofts/CqxffC/,2,1,"1453 Maple Ave, Evanston, IL",4149,,https://photos.zillowstatic.com/fp/29237a0585893f8215474b8cb729d278-p_e.jpg,1.055
https://www.zillow.com/apartments/evanston-il/cheltenham-court-mansions/CnFxkR/,2,1,"531-539 Hinman Ave, Evanston, IL",2595,,https://photos.zillowstatic.com/fp/8068700ca32ed83316f44b9f430a2f7f-p_e.jpg,2.08
https://www.zillow.com/apartments/evanston-il/cheltenham-court-mansions/CnFxkR/,3,1,"531-539 Hinman Ave, Evanston, IL",2995,,https://photos.zillowstatic.com/fp/8068700ca32ed83316f44b9f430a2f7f-p_e.jpg,2.08
https://www.zillow.com/apartments/evanston-il/605-hinman/5Ztc5t/,1,1,"610 Hinman Ave, Evanston, IL",1645,,https://photos.zillowstatic.com/fp/f5a69d60c5728fed22852ba8cec35204-p_e.jpg,2.013
https://www.zillow.com/apartments/evanston-il/605-hinman/5Ztc5t/,2,1,"610 Hinman Ave, Evanston, IL",1945,,https://photos.zillowstatic.com/fp/f5a69d60c5728fed22852ba8cec35204-p_e.jpg,2.013
https://www.zillow.com/apartments/evanston-il/605-hinman/5Ztc5t/,3,1,"610 Hinman Ave, Evanston, IL",2495,,https://photos.zillowstatic.com/fp/f5a69d60c5728fed22852ba8cec35204-p_e.jpg,2.013
https://www.zillow.com/apartments/evanston-il/800-810-michigan/CgxDRY/,1,1,"800 Michigan Ave, Evanston, IL",1695,,https://photos.zillowstatic.com/fp/745962b042e2db7a419c542e34299090-p_e.jpg,1.768
https://www.zillow.com/apartments/evanston-il/800-810-michigan/CgxDRY/,3,1,"800 Michigan Ave, Evanston, IL",3145,,https://photos.zillowstatic.com/fp/745962b042e2db7a419c542e34299090-p_e.jpg,1.768
https://www.zillow.com/apartments/evanston-il/evanston-gateway/CkCjrs/,1,1,"100 Chicago Ave, Evanston, IL",2100,,https://photos.zillowstatic.com/fp/129d3e85d184495b17cf3e61166cbcff-p_e.jpg,2.645
https://www.zillow.com/apartments/evanston-il/evanston-gateway/CkCjrs/,2,1,"100 Chicago Ave, Evanston, IL",2600,,https://photos.zillowstatic.com/fp/129d3e85d184495b17cf3e61166cbcff-p_e.jpg,2.645
https://www.zillow.com/apartments/evanston-il/the-main/65fxWc/,0,1,"847 Chicago Ave, Evanston, IL",2520,,https://photos.zillowstatic.com/fp/2b095da26a80d36a95498ec212ed2433-p_e.jpg,1.688
https://www.zillow.com/apartments/evanston-il/the-main/65fxWc/,1,1,"847 Chicago Ave, Evanston, IL",2690,,https://photos.zillowstatic.com/fp/2b095da26a80d36a95498ec212ed2433-p_e.jpg,1.688
https://www.zillow.com/apartments/evanston-il/the-main/65fxWc/,2,1,"847 Chicago Ave, Evanston, IL",3533,,https://photos.zillowstatic.com/fp/2b095da26a80d36a95498ec212ed2433-p_e.jpg,1.688
https://www.zillow.com/apartments/evanston-il/the-main/65fxWc/,3,1,"847 Chicago Ave, Evanston, IL",5085,,https://photos.zillowstatic.com/fp/2b095da26a80d36a95498ec212ed2433-p_e.jpg,1.688
https://www.zillow.com/apartments/evanston-il/114-clyde-ave/ChFrPm/,2,1,"114 Clyde Ave, Evanston, IL",1990,,https://photos.zillowstatic.com/fp/d77f360cb7121ec2792027b61dda4dec-p_e.jpg,2.62
https://www.zillow.com/apartments/evanston-il/avidor-evanston-55+-active-adult-homes/CkBfKB/,1,1,"1727 Oak Ave, Evanston, IL",2562,,https://photos.zillowstatic.com/fp/e4bc52378a78515dd3f6f91665edb1e8-p_e.jpg,0.822
https://www.zillow.com/apartments/evanston-il/avidor-evanston-55+-active-adult-homes/CkBfKB/,2,1,"1727 Oak Ave, Evanston, IL",5045,,https://photos.zillowstatic.com/fp/e4bc52378a78515dd3f6f91665edb1e8-p_e.jpg,0.822
https://www.zillow.com/apartments/evanston-il/1133-1139-oak-ave/CgqxLK/,1,1,"1133-39 Oak Ave, Evanston, IL",2550,,https://photos.zillowstatic.com/fp/93c5a6516f266446b959789b8abd4953-p_e.jpg,1.429
https://www.zillow.com/apartments/evanston-il/1133-1139-oak-ave/CgqxLK/,2,1,"1133-39 Oak Ave, Evanston, IL",3250,,https://photos.zillowstatic.com/fp/93c5a6516f266446b959789b8abd4953-p_e.jpg,1.429
https://www.zillow.com/apartments/evanston-il/2228-38-sherman-ave.-803-809-noyes-st./5XjWFr/,3,1,"2228-38 Sherman Ave. / 803-809 Noyes St., 2228 Sherman Ave N #2238-3, Evanston, IL 60201",3350,1030,https://photos.zillowstatic.com/fp/eed3f02a72d6e860def4917f084f6a51-p_e.jpg,0.361
https://www.zillow.com/apartments/evanston-il/1200-simpson-st/9Hw5L5/,3,1,"1200 Simpson St, 1200 Simpson St #2060-3N, Evanston, IL 60201",2695,1200,https://photos.zillowstatic.com/fp/bd5943569dcee1507c1328a055566eee-p_e.jpg,0.636
https://www.zillow.com/apartments/evanston-il/maeve-on-ridge/Ck2BP9/,0,1,"Maeve on Ridge, 1555 Ridge Ave #308, Evanston, IL 60201",2350,603,https://photos.zillowstatic.com/fp/a632954bbb93d58c130eee27198cf2b6-p_e.jpg,1.047
https://www.zillow.com/apartments/evanston-il/532-36-hinman/5XjMDK/,1,1,"532-36 Hinman, 532 Hinman Ave #536-N3, Evanston, IL 60202",1835,670,https://photos.zillowstatic.com/fp/382bbe7e91fc2a23ea9a81457c1b9965-p_e.jpg,2.082
https://www.zillow.com/apartments/evanston-il/2201-07-maple-ave/ChKj74/,2,1,"2201-07 Maple Ave, Evanston, IL",2795,,https://photos.zillowstatic.com/fp/07db96bb07039a53c00b2ff9f88ae04b-p_e.jpg,0.467
https://www.zillow.com/apartments/evanston-il/2201-07-maple-ave/ChKj74/,3,1,"2201-07 Maple Ave, Evanston, IL",3950,,https://photos.zillowstatic.com/fp/07db96bb07039a53c00b2ff9f88ae04b-p_e.jpg,0.467
https://www.zillow.com/apartments/evanston-il/915-hinman/ChVqnG/,1,1,"915 Hinman, 913 Hinman Ave APT 2N, Evanston, IL 60202",1595,650,https://photos.zillowstatic.com/fp/3980453614d021262c6222adcab816f2-p_e.jpg,1.616
https://www.zillow.com/apartments/evanston-il/231-n-ridge-ave/5XjKpb/,1,1,"231 N Ridge Ave, 231 Ridge Ave #245-3, Evanston, IL 60202",1550,900,https://photos.zillowstatic.com/fp/10af5f34103b7220d8c707089feb20c0-p_e.jpg,2.495
https://www.zillow.com/apartments/evanston-il/2321-central/CjjCSx/,2,1,"2321 Central, 2321 Central St #F5d3897aa, Evanston, IL 60201",2295,,https://photos.zillowstatic.com/fp/49c9b875bea7f84bf5ec491e1c9743d1-p_e.jpg,1.646
https://www.zillow.com/apartments/evanston-il/1235-elmwood/5XjMLC/,1,1,"1235 Elmwood, 1235 Elmwood Ave #1B-1Ba-910Sqft, Evanston, IL 60202",1895,950,https://photos.zillowstatic.com/fp/3f734039ed89bc9a7cca0dbf3e8cc904-p_e.jpg,1.252
https://www.zillow.com/apartments/evanston-il/1134-44-maple-ave/CgtNk2/,1,1,"1134-44 Maple Ave, Evanston, IL",2645,,https://photos.zillowstatic.com/fp/a5dd60a0875afe295f01e11b0fe97426-p_e.jpg,1.404
https://www.zillow.com/apartments/evanston-il/1134-44-maple-ave/CgtNk2/,3,1,"1134-44 Maple Ave, Evanston, IL",3795,,https://photos.zillowstatic.com/fp/a5dd60a0875afe295f01e11b0fe97426-p_e.jpg,1.404
https://www.zillow.com/apartments/evanston-il/810-forest-ave-apartments/5XjSy2/,2,1,"810 Forest Ave Apartments, 810 Forest Ave #72659cc95, Evanston, IL 60202",1810,797,https://photos.zillowstatic.com/fp/7894a5663668de5ccdd5b0c4fdcf0573-p_e.jpg,1.759
https://www.zillow.com/apartments/evanston-il/2542-62-prairie-ave/Cknqs8/,0,1,"2542 Prairie Ave, Evanston, IL",1445,,https://photos.zillowstatic.com/fp/7cad6b02915bb6e6e3ac5a1c9d9d7cef-p_e.jpg,1.385
https://www.zillow.com/apartments/evanston-il/2542-62-prairie-ave/Cknqs8/,1,1,"2542 Prairie Ave, Evanston, IL",1625,,https://photos.zillowstatic.com/fp/7cad6b02915bb6e6e3ac5a1c9d9d7cef-p_e.jpg,1.385
https://www.zillow.com/apartments/evanston-il/917-925-hinman-ave./CpYsVc/,2,1,"917 Hinman Ave, Evanston, IL",1900,,https://photos.zillowstatic.com/fp/4adf33379ef3322c0c15fd6b6b8ea272-p_e.jpg,1.609
https://www.zillow.com/apartments/evanston-il/1616-hinman/CkBR7B/,3,1,"1616 Hinman Ave, Evanston, IL",3450,,https://photos.zillowstatic.com/fp/4f11cb656665321aeca24b9784553112-p_e.jpg,0.799
